Script started on 2026-07-30 12:17:57+05:30 [TERM="xterm-256color" TTY="/dev/pts/5" COLUMNS="185" LINES="45"]
[?2004h]0;cse-sdpl@cse-sdpl-HP-Z4-G5-Workstation-Desktop-PC: ~/PRANAV/GTE-PPIS[01;32mcse-sdpl@cse-sdpl-HP-Z4-G5-Workstation-Desktop-PC[00m:[01;34m~/PRANAV/GTE-PPIS[00m$ clear
[?2004l[H[2J[3J[?2004h]0;cse-sdpl@cse-sdpl-HP-Z4-G5-Workstation-Desktop-PC: ~/PRANAV/GTE-PPIS[01;32mcse-sdpl@cse-sdpl-HP-Z4-G5-Workstation-Desktop-PC[00m:[01;34m~/PRANAV/GTE-PPIS[00m$ [7msource venv/bin/activate && python train.py \[27m
[7m    --fusion_mode gated \[27m
[7m    --d_proj 128 \[27m
[7m    --focal_gamma 2.0[27m[A[A[A]0;cse-sdpl@cse-sdpl-HP-Z4-G5-Workstation-Desktop-PC: ~/PRANAV/GTE-PPIS[01;32mcse-sdpl@cse-sdpl-HP-Z4-G5-Workstation-Desktop-PC[00m:[01;34m~/PRANAV/GTE-PPIS[00m$ source venv/bin/activate && python train.py \
    --fusion_mode gated \
    --d_proj 128 \
    --focal_gamma 2.0
[?2004lRandom seed: 2024
The base Model type: AGAT
Add node features: all
Map cutoff: 14
Use edge features or not while using GAT model: True
The parameter of normalizing the distance: 15
Feature dim: 61
Hidden dim: 256
Layer: 8
Dropout: 0.1
Alpha: 0.7
Lambda: 1.5
Learning rate: 0.001
Training epochs: 50



========== Fold 1 ==========
Train on 267 samples, validate on 67 samples
Fold 1 neg/pos weight: 5.5172

========== Train epoch 1 ==========
========== Evaluate Train set ==========
Train loss:  1.4991748441247905
Train binary acc:  0.3450123356777258
Train AUC:  0.7801043337150688
Train AUPRC:  0.4059301570158411
========== Evaluate Valid set ==========
Valid loss:  0.6683972549082627
Valid binary acc:  0.32629897427274257
Valid precision:  0.1938474075583172
Valid recall:  0.9505494505494505
Valid f1:  0.32202385988662324
Valid AUC:  0.7459353980027251
Valid AUPRC:  0.428144871595854
Valid mcc:  0.14832998637015393

========== Train epoch 2 ==========
========== Evaluate Train set ==========
Train loss:  0.6594375460670235
Train binary acc:  0.7257797253010274
Train AUC:  0.8306413142450997
Train AUPRC:  0.4822908863433607
========== Evaluate Valid set ==========
Valid loss:  0.6457146246041825
Valid binary acc:  0.6953085589372793
Valid precision:  0.3215228873239437
Valid recall:  0.7297702297702298
Valid f1:  0.4463794683776352
Valid AUC:  0.7877061272734543
Valid AUPRC:  0.46754732489538486
Valid mcc:  0.3219554848955275

========== Train epoch 3 ==========
========== Evaluate Train set ==========
Train loss:  0.581108727314499
Train binary acc:  0.7589939978642707
Train AUC:  0.8458173441818435
Train AUPRC:  0.5194481211482731
========== Evaluate Valid set ==========
Valid loss:  0.6397952593084592
Valid binary acc:  0.7268370607028753
Valid precision:  0.34935974873157766
Valid recall:  0.7222777222777222
Valid f1:  0.47093307278944796
Valid AUC:  0.798052483303191
Valid AUPRC:  0.486641678739916
Valid mcc:  0.35349575819791884

========== Train epoch 4 ==========
========== Evaluate Train set ==========
Train loss:  0.697495376963294
Train binary acc:  0.37047538387892626
Train AUC:  0.8228216222910953
Train AUPRC:  0.4942383906039917
========== Evaluate Valid set ==========
Valid loss:  0.6275246810557237
Valid binary acc:  0.3664032285185808
Valid precision:  0.20323895323895325
Valid recall:  0.9465534465534465
Valid f1:  0.334628288892813
Valid AUC:  0.7631382972062308
Valid AUPRC:  0.45159894456025595
Valid mcc:  0.17776555915982958

========== Train epoch 5 ==========
========== Evaluate Train set ==========
Train loss:  0.5304517067327035
Train binary acc:  0.801358765695769
Train AUC:  0.8638327467947845
Train AUPRC:  0.5698635605458017
========== Evaluate Valid set ==========
Valid loss:  0.687963590693118
Valid binary acc:  0.755927358331932
Valid precision:  0.37256011315417253
Valid recall:  0.6578421578421578
Valid f1:  0.4757088676178436
Valid AUC:  0.7989036590178928
Valid AUPRC:  0.4892767920818403
Valid mcc:  0.3549867060078661

========== Train epoch 6 ==========
========== Evaluate Train set ==========
Train loss:  0.5127647989586498
Train binary acc:  0.7196118864381191
Train AUC:  0.8769055835254799
Train AUPRC:  0.6162464138437556
========== Evaluate Valid set ==========
Valid loss:  0.6463967341540465
Valid binary acc:  0.6435177400369935
Valid precision:  0.2936185909258576
Valid recall:  0.7952047952047953
Valid f1:  0.42887931034482757
Valid AUC:  0.7889476071845664
Valid AUPRC:  0.4792342237707974
Valid mcc:  0.3065208164080795

========== Train epoch 7 ==========
========== Evaluate Train set ==========
Train loss:  0.4926288849238153
Train binary acc:  0.7418345178038811
Train AUC:  0.7592074743633384
Train AUPRC:  0.43282598676641465
========== Evaluate Valid set ==========
Valid loss:  0.8637442148443478
Valid binary acc:  0.716832016142593
Valid precision:  0.3085762331838565
Valid recall:  0.5499500499500499
Valid f1:  0.39533213644524234
Valid AUC:  0.7132491952043104
Valid AUPRC:  0.3693183027367833
Valid mcc:  0.24539727424969043

========== Train epoch 8 ==========
========== Evaluate Train set ==========
Train loss:  0.47765992785549344
Train binary acc:  0.6567551644143315
Train AUC:  0.8933861893919299
Train AUPRC:  0.6436590450294559
========== Evaluate Valid set ==========
Valid loss:  0.6626218437258877
Valid binary acc:  0.5664200437195225
Valid precision:  0.2605131319265219
Valid recall:  0.8571428571428571
Valid f1:  0.39958085923856096
Valid AUC:  0.7797411848159927
Valid AUPRC:  0.4643824921024109
Valid mcc:  0.2745180719625425

========== Train epoch 9 ==========
========== Evaluate Train set ==========
Train loss:  0.4577051494340325
Train binary acc:  0.8052619950657289
Train AUC:  0.8946116585575286
Train AUPRC:  0.6443490864480922
========== Evaluate Valid set ==========
Valid loss:  0.7376193684428486
Valid binary acc:  0.7100218597612241
Valid precision:  0.3243505705268269
Valid recall:  0.6673326673326674
Valid f1:  0.43652997876164024
Valid AUC:  0.7733157461220541
Valid AUPRC:  0.4385653086288931
Valid mcc:  0.3035350084950601

========== Train epoch 10 ==========
========== Evaluate Train set ==========
Train loss:  0.4334022820498166
Train binary acc:  0.6689803733843944
Train AUC:  0.9172391093445018
Train AUPRC:  0.7246255411186795
========== Evaluate Valid set ==========
Valid loss:  0.6274671670216233
Valid binary acc:  0.5955944173532873
Valid precision:  0.27449405717956954
Valid recall:  0.8536463536463537
Valid f1:  0.41541079241614
Valid AUC:  0.7894828079320597
Valid AUPRC:  0.4695514661735035
Valid mcc:  0.2974138808666118

========== Train epoch 11 ==========
========== Evaluate Train set ==========
Train loss:  0.41745912381325767
Train binary acc:  0.5924255256471628
Train AUC:  0.9275062479560139
Train AUPRC:  0.752475243003477
========== Evaluate Valid set ==========
Valid loss:  0.6573479589241654
Valid binary acc:  0.5110139566167816
Valid precision:  0.2396942396942397
Valid recall:  0.8771228771228772
Valid f1:  0.3765008576329331
Valid AUC:  0.7714329746274753
Valid AUPRC:  0.466022413046932
Valid mcc:  0.24158210774548936

========== Train epoch 12 ==========
========== Evaluate Train set ==========
Train loss:  0.3386515279052856
Train binary acc:  0.8093493390286114
Train AUC:  0.9475150582994681
Train AUPRC:  0.8134865826963322
========== Evaluate Valid set ==========
Valid loss:  0.7244175352267365
Valid binary acc:  0.7138893559778039
Valid precision:  0.3364464160635069
Valid recall:  0.7197802197802198
Valid f1:  0.45855210819411296
Valid AUC:  0.793849498661468
Valid AUPRC:  0.4787763008650747
Valid mcc:  0.3370874302132095

========== Train epoch 13 ==========
========== Evaluate Train set ==========
Train loss:  0.3055029578981328
Train binary acc:  0.7662665242847148
Train AUC:  0.9570245467791894
Train AUPRC:  0.8379919480268623
========== Evaluate Valid set ==========
Valid loss:  0.6950170255419034
Valid binary acc:  0.6603329409786447
Valid precision:  0.3008987885892927
Valid recall:  0.7692307692307693
Valid f1:  0.43258426966292135
Valid AUC:  0.7816286018873968
Valid AUPRC:  0.47043824813868185
Valid mcc:  0.3079575128550947

========== Train epoch 14 ==========
========== Evaluate Train set ==========
Train loss:  0.269613520915477
Train binary acc:  0.8895496557057112
Train AUC:  0.9628090209503553
Train AUPRC:  0.8573949540657271
========== Evaluate Valid set ==========
Valid loss:  0.9654807314943912
Valid binary acc:  0.7722381032453338
Valid precision:  0.3890806401004079
Valid recall:  0.6193806193806194
Valid f1:  0.47793409134708037
Valid AUC:  0.7865805848013693
Valid AUPRC:  0.4691622275989914
Valid mcc:  0.35697017350139365

========== Train epoch 15 ==========
========== Evaluate Train set ==========
Train loss:  0.2452996987779712
Train binary acc:  0.9060463232315793
Train AUC:  0.9710736703482165
Train AUPRC:  0.8869327403822675
========== Evaluate Valid set ==========
Valid loss:  0.9893510016932416
Valid binary acc:  0.781822767782075
Valid precision:  0.3962924099335432
Valid recall:  0.5659340659340659
Valid f1:  0.4661592264966056
Valid AUC:  0.7801272473987799
Valid AUPRC:  0.4702007646454049
Valid mcc:  0.3427510751016076

========== Train epoch 16 ==========
========== Evaluate Train set ==========
Train loss:  0.23203608139386672
Train binary acc:  0.9058069742607799
Train AUC:  0.9769760837575797
Train AUPRC:  0.9045608250563065
========== Evaluate Valid set ==========
Valid loss:  1.047557679574881
Valid binary acc:  0.7697998991087943
Valid precision:  0.38242811501597446
Valid recall:  0.5979020979020979
Valid f1:  0.46648480124707714
Valid AUC:  0.7812606924010078
Valid AUPRC:  0.46034809212054034
Valid mcc:  0.34198544964936795

========== Train epoch 17 ==========
========== Evaluate Train set ==========
Train loss:  0.2011293052566632
Train binary acc:  0.9201863239680377
Train AUC:  0.9834529975314024
Train AUPRC:  0.9246326046937662
========== Evaluate Valid set ==========
Valid loss:  1.128250216815009
Valid binary acc:  0.7866151000504455
Valid precision:  0.3995502248875562
Valid recall:  0.5324675324675324
Valid f1:  0.45653104925053534
Valid AUC:  0.7847463393864527
Valid AUPRC:  0.4599151282028798
Valid mcc:  0.3323413116862024

========== Train epoch 18 ==========
========== Evaluate Train set ==========
Train loss:  0.15430686605330346
Train binary acc:  0.9446367419081636
Train AUC:  0.989426110808917
Train AUPRC:  0.9504972298345702
========== Evaluate Valid set ==========
Valid loss:  1.3491137541496931
Valid binary acc:  0.7946863965024382
Valid precision:  0.41283676703645006
Valid recall:  0.5204795204795205
Valid f1:  0.46045072912063634
Valid AUC:  0.7809613051727893
Valid AUPRC:  0.4596989111411347
Valid mcc:  0.3391853467140464

========== Train epoch 19 ==========
========== Evaluate Train set ==========
Train loss:  0.12876775720041622
Train binary acc:  0.9152152299591265
Train AUC:  0.9913883270373602
Train AUPRC:  0.956798034262869
========== Evaluate Valid set ==========
Valid loss:  1.3275580610801925
Valid binary acc:  0.7710610391794182
Valid precision:  0.37947174857907057
Valid recall:  0.5669330669330669
Valid f1:  0.4546364910875225
Valid AUC:  0.7701911664962615
Valid AUPRC:  0.4481691266223655
Valid mcc:  0.3271057766543364

========== Train epoch 20 ==========
========== Evaluate Train set ==========
Train loss:  0.11044086122358643
Train binary acc:  0.9218985896822182
Train AUC:  0.9921426564256763
Train AUPRC:  0.9602992087836706
========== Evaluate Valid set ==========
Valid loss:  1.5007096475629664
Valid binary acc:  0.7808979317302842
Valid precision:  0.3893772893772894
Valid recall:  0.5309690309690309
Valid f1:  0.44928148774302623
Valid AUC:  0.7591934955461037
Valid AUPRC:  0.44171021797546645
Valid mcc:  0.32247581589193586

========== Train epoch 21 ==========
========== Evaluate Train set ==========
Train loss:  0.09908156172305473
Train binary acc:  0.9659756232278971
Train AUC:  0.9948085218863223
Train AUPRC:  0.973601974645915
========== Evaluate Valid set ==========
Valid loss:  1.9473438609891862
Valid binary acc:  0.8225155540608711
Valid precision:  0.47127042698998417
Valid recall:  0.44655344655344653
Valid f1:  0.45857912285201335
Valid AUC:  0.7651050425514638
Valid AUPRC:  0.44678677801334715
Valid mcc:  0.35271505787253515

========== Train epoch 22 ==========
========== Evaluate Train set ==========
Train loss:  0.0875265784734949
Train binary acc:  0.9486136171152926
Train AUC:  0.9945722219560408
Train AUPRC:  0.9732914346556141
========== Evaluate Valid set ==========
Valid loss:  1.6039532058274568
Valid binary acc:  0.7969564486295612
Valid precision:  0.41554192229038855
Valid recall:  0.5074925074925075
Valid f1:  0.4569372610748819
Valid AUC:  0.7695161187377119
Valid AUPRC:  0.46126616148629573
Valid mcc:  0.33611434368834237

========== Train epoch 23 ==========
========== Evaluate Train set ==========
Train loss:  0.08101606977392165
Train binary acc:  0.9538424715542954
Train AUC:  0.9958850690813809
Train AUPRC:  0.9796126437372699
========== Evaluate Valid set ==========
Valid loss:  1.7898705361494378
Valid binary acc:  0.7917437363376493
Valid precision:  0.40719030871434153
Valid recall:  0.5204795204795205
Valid f1:  0.456917342688007
Valid AUC:  0.7701975036689959
Valid AUPRC:  0.45138444328666144
Valid mcc:  0.33426715335288154

========== Train epoch 24 ==========
========== Evaluate Train set ==========
Train loss:  0.05949568922313644
Train binary acc:  0.983300806421917
Train AUC:  0.9982714688610035
Train AUPRC:  0.9902534742859211
========== Evaluate Valid set ==========
Valid loss:  2.298132755418322
Valid binary acc:  0.8314276105599462
Valid precision:  0.49912229373902867
Valid recall:  0.4260739260739261
Valid f1:  0.4597143627054702
Valid AUC:  0.7649587826245733
Valid AUPRC:  0.450286617220206
Valid mcc:  0.3621701548063827

========== Train epoch 25 ==========
========== Evaluate Train set ==========
Train loss:  0.040861222194408936
Train binary acc:  0.9791398166218654
Train AUC:  0.9985840689073713
Train AUPRC:  0.9918864510505803
========== Evaluate Valid set ==========
Valid loss:  2.434552431996189
Valid binary acc:  0.8165461577265848
Valid precision:  0.45472837022132795
Valid recall:  0.4515484515484515
Valid f1:  0.4531328320802005
Valid AUC:  0.769527581193574
Valid AUPRC:  0.45342022575653634
Valid mcc:  0.3429243571358575

========== Train epoch 26 ==========
========== Evaluate Train set ==========
Train loss:  0.036226077727629584
Train binary acc:  0.9834849210148396
Train AUC:  0.998788454470402
Train AUPRC:  0.9931014236005797
========== Evaluate Valid set ==========
Valid loss:  2.4935211450306336
Valid binary acc:  0.8200773499243316
Valid precision:  0.4640250260688217
Valid recall:  0.44455544455544455
Valid f1:  0.45408163265306123
Valid AUC:  0.7700166796406182
Valid AUPRC:  0.44238814056897313
Valid mcc:  0.3465440080938777

========== Train epoch 27 ==========
========== Evaluate Train set ==========
Train loss:  0.03460395363751988
Train binary acc:  0.9832455720440402
Train AUC:  0.9989551022956006
Train AUPRC:  0.9939517460053614
========== Evaluate Valid set ==========
Valid loss:  3.0730167382688665
Valid binary acc:  0.8294097864469481
Valid precision:  0.4915572232645403
Valid recall:  0.3926073926073926
Valid f1:  0.4365454040544293
Valid AUC:  0.7558706457311392
Valid AUPRC:  0.4327695527563591
Valid mcc:  0.34047564446610346

========== Train epoch 28 ==========
========== Evaluate Train set ==========
Train loss:  0.031248091702219313
Train binary acc:  0.9845159627352064
Train AUC:  0.9993398414164275
Train AUPRC:  0.996136338349693
========== Evaluate Valid set ==========
Valid loss:  2.6502986367958696
Valid binary acc:  0.8127627375147133
Valid precision:  0.44655581947743467
Valid recall:  0.4695304695304695
Valid f1:  0.4577550523496469
Valid AUC:  0.7627108031475198
Valid AUPRC:  0.44106837029471135
Valid mcc:  0.34484466934816294

========== Train epoch 29 ==========
========== Evaluate Train set ==========
Train loss:  0.029287822196580285
Train binary acc:  0.9808520823360459
Train AUC:  0.9990532071048931
Train AUPRC:  0.9945429796193109
========== Evaluate Valid set ==========
Valid loss:  3.1238985582074124
Valid binary acc:  0.8169665377501261
Valid precision:  0.4555160142348754
Valid recall:  0.44755244755244755
Valid f1:  0.4514991181657848
Valid AUC:  0.76409624544481
Valid AUPRC:  0.43351258380022306
Valid mcc:  0.34168442046722863

========== Train epoch 30 ==========
========== Evaluate Train set ==========
Train loss:  0.01542322438973553
Train binary acc:  0.9942188017822292
Train AUC:  0.9997491266379421
Train AUPRC:  0.9985386785603405
========== Evaluate Valid set ==========
Valid loss:  3.7863611970374835
Valid binary acc:  0.8371447788801076
Valid precision:  0.5221843003412969
Valid recall:  0.3821178821178821
Valid f1:  0.4413037207960773
Valid AUC:  0.758340855464794
Valid AUPRC:  0.4318315514012936
Valid mcc:  0.354476847933738

========== Train epoch 31 ==========
========== Evaluate Train set ==========
Train loss:  0.014313728709691718
Train binary acc:  0.994973671613212
Train AUC:  0.9998284173803721
Train AUPRC:  0.9990164808932301
========== Evaluate Valid set ==========
Valid loss:  4.26651574693509
Valid binary acc:  0.8318479905834875
Valid precision:  0.5006485084306096
Valid recall:  0.3856143856143856
Valid f1:  0.435665914221219
Valid AUC:  0.7503354661917138
Valid AUPRC:  0.41869311082977034
Valid mcc:  0.34280826677624715

========== Train epoch 32 ==========
========== Evaluate Train set ==========
Train loss:  0.009670432698885355
Train binary acc:  0.9957837758220717
Train AUC:  0.9998535454266747
Train AUPRC:  0.9991829141622011
========== Evaluate Valid set ==========
Valid loss:  4.61651570939306
Valid binary acc:  0.8386581469648562
Valid precision:  0.5290412876137159
Valid recall:  0.3776223776223776
Valid f1:  0.44068784610900613
Valid AUC:  0.7480431517532206
Valid AUPRC:  0.4193390417269511
Valid mcc:  0.3562639838399082

========== Train epoch 33 ==========
========== Evaluate Train set ==========
Train loss:  0.010991137520932517
Train binary acc:  0.9958574216592407
Train AUC:  0.9999031308465309
Train AUPRC:  0.9994523002551619
========== Evaluate Valid set ==========
Valid loss:  4.678545821958513
Valid binary acc:  0.8199091979149151
Valid precision:  0.4602272727272727
Valid recall:  0.4045954045954046
Valid f1:  0.430622009569378
Valid AUC:  0.7564708340587839
Valid AUPRC:  0.41346449885651654
Valid mcc:  0.3251355091578714

========== Train epoch 34 ==========
========== Evaluate Train set ==========
Train loss:  0.010284299505389437
Train binary acc:  0.9968700519203152
Train AUC:  0.9999161972218387
Train AUPRC:  0.9995308507402189
========== Evaluate Valid set ==========
Valid loss:  5.917736498277579
Valid binary acc:  0.8389944509836893
Valid precision:  0.5310936383130808
Valid recall:  0.3711288711288711
Valid f1:  0.436930314613349
Valid AUC:  0.7476543119234182
Valid AUPRC:  0.41702624944827277
Valid mcc:  0.35400305253487746

========== Train epoch 35 ==========
========== Evaluate Train set ==========
Train loss:  0.009593360400286247
Train binary acc:  0.9965570571123468
Train AUC:  0.9999284754914257
Train AUPRC:  0.999588034955378
========== Evaluate Valid set ==========
Valid loss:  5.306097818844354
Valid binary acc:  0.8359677148141921
Valid precision:  0.5168986083499006
Valid recall:  0.38961038961038963
Valid f1:  0.44431785816006836
Valid AUC:  0.75805156731663
Valid AUPRC:  0.4267235226220264
Valid mcc:  0.355136854522478

========== Train epoch 36 ==========
========== Evaluate Train set ==========
Train loss:  0.005528204643196617
Train binary acc:  0.9972382811061605
Train AUC:  0.9998835430268667
Train AUPRC:  0.9995150038156582
========== Evaluate Valid set ==========
Valid loss:  6.596692432218523
Valid binary acc:  0.8416848831343534
Valid precision:  0.5510729613733906
Valid recall:  0.3206793206793207
Valid f1:  0.40543100726239345
Valid AUC:  0.7508278720874758
Valid AUPRC:  0.41466965013398677
Valid mcc:  0.3370975220893722

========== Train epoch 37 ==========
========== Evaluate Train set ==========
Train loss:  0.004053507384986113
Train binary acc:  0.9986559634716647
Train AUC:  0.999984177864292
Train AUPRC:  0.9999112403193972
========== Evaluate Valid set ==========
Valid loss:  4.883928651240335
Valid binary acc:  0.8336135866823609
Valid precision:  0.5075212557226946
Valid recall:  0.3876123876123876
Valid f1:  0.43953554233928066
Valid AUC:  0.7592998136113785
Valid AUPRC:  0.4125439265515761
Valid mcc:  0.34820113138271314

========== Train epoch 38 ==========
========== Evaluate Train set ==========
Train loss:  0.0035871173357855217
Train binary acc:  0.9982693228265273
Train AUC:  0.9999885411515926
Train AUPRC:  0.9999353826641516
========== Evaluate Valid set ==========
Valid loss:  5.1786151706282775
Valid binary acc:  0.8347906507482764
Valid precision:  0.512576478585996
Valid recall:  0.37662337662337664
Valid f1:  0.4342067376907573
Valid AUC:  0.7581226395925142
Valid AUPRC:  0.41363488308728436
Valid mcc:  0.34565729709063664

========== Train epoch 39 ==========
========== Evaluate Train set ==========
Train loss:  0.0025174751317082267
Train binary acc:  0.9992819530876017
Train AUC:  0.999988953471804
Train AUPRC:  0.9999377611030035
========== Evaluate Valid set ==========
Valid loss:  5.9248224221058745
Valid binary acc:  0.8400874390448966
Valid precision:  0.5391849529780565
Valid recall:  0.3436563436563437
Valid f1:  0.4197681513117755
Valid AUC:  0.7608561070954925
Valid AUPRC:  0.41422608507597525
Valid mcc:  0.34361603763107

========== Train epoch 40 ==========
========== Evaluate Train set ==========
Train loss:  0.002026065416356137
Train binary acc:  0.9983429686636963
Train AUC:  0.9999886324883484
Train AUPRC:  0.9999339428956852
========== Evaluate Valid set ==========
Valid loss:  5.801759630886476
Valid binary acc:  0.8315957625693627
Valid precision:  0.499672988881622
Valid recall:  0.38161838161838163
Valid f1:  0.4327386009629
Valid AUC:  0.756433669444183
Valid AUPRC:  0.40990942843795825
Valid mcc:  0.3401446261431869

========== Train epoch 41 ==========
========== Evaluate Train set ==========
Train loss:  0.002766718589661765
Train binary acc:  0.9971646352689915
Train AUC:  0.9999319841276552
Train AUPRC:  0.9995972140128386
========== Evaluate Valid set ==========
Valid loss:  5.2966820419724305
Valid binary acc:  0.825121910206827
Valid precision:  0.47794117647058826
Valid recall:  0.42207792207792205
Valid f1:  0.4482758620689655
Valid AUC:  0.7604332586136063
Valid AUPRC:  0.41534477460922864
Valid mcc:  0.3457852331186301

========== Train epoch 42 ==========
========== Evaluate Train set ==========
Train loss:  0.0016528237224028362
Train binary acc:  0.9987664322274183
Train AUC:  0.999997100710412
Train AUPRC:  0.9999838001831117
========== Evaluate Valid set ==========
Valid loss:  5.803120617546252
Valid binary acc:  0.8299983184799058
Valid precision:  0.4936788874841972
Valid recall:  0.3901098901098901
Valid f1:  0.43582589285714285
Valid AUC:  0.7542446433469482
Valid AUPRC:  0.4083169035385269
Valid mcc:  0.34060270292436284

========== Train epoch 43 ==========
========== Evaluate Train set ==========
Train loss:  0.0008334801624528448
Train binary acc:  0.9997974739477851
Train AUC:  0.9999993006214135
Train AUPRC:  0.9999961253998486
========== Evaluate Valid set ==========
Valid loss:  6.506973954279031
Valid binary acc:  0.8386581469648562
Valid precision:  0.5313207547169811
Valid recall:  0.3516483516483517
Valid f1:  0.42320408776675683
Valid AUC:  0.7577247863337633
Valid AUPRC:  0.4165599791377711
Valid mcc:  0.34352011207597627

========== Train epoch 44 ==========
========== Evaluate Train set ==========
Train loss:  0.0002283632133909581
Train binary acc:  0.9995949478955702
Train AUC:  0.9999996920646523
Train AUPRC:  0.9999982985763032
========== Evaluate Valid set ==========
Valid loss:  6.386333221819863
Valid binary acc:  0.8328569026399866
Valid precision:  0.5046791443850267
Valid recall:  0.3771228771228771
Valid f1:  0.4316752429959977
Valid AUC:  0.7558788764813834
Valid AUPRC:  0.412780572981424
Valid mcc:  0.3409948065456076

========== Train epoch 45 ==========
========== Evaluate Train set ==========
Train loss:  0.001045926366875549
Train binary acc:  0.999576536436278
Train AUC:  0.9999995955086532
Train AUPRC:  0.9999977697009353
========== Evaluate Valid set ==========
Valid loss:  6.58383124977795
Valid binary acc:  0.8357995628047755
Valid precision:  0.5169315825846579
Valid recall:  0.37362637362637363
Valid f1:  0.43374891272832705
Valid AUC:  0.7602641747657921
Valid AUPRC:  0.41903457151723533
Valid mcc:  0.34676393553607976

========== Train epoch 46 ==========
========== Evaluate Train set ==========
Train loss:  0.000349629319213684
Train binary acc:  0.9998342968663696
Train AUC:  0.9999997129416249
Train AUPRC:  0.9999984179631712
========== Evaluate Valid set ==========
Valid loss:  6.976026771673515
Valid binary acc:  0.8336976626870691
Valid precision:  0.5086083213773315
Valid recall:  0.35414585414585414
Valid f1:  0.4175500588928151
Valid AUC:  0.7601121078678701
Valid AUPRC:  0.42099421418265914
Valid mcc:  0.3313884895286628

========== Train epoch 47 ==========
========== Evaluate Train set ==========
Train loss:  0.0003844982140335653
Train binary acc:  0.9993924218433553
Train AUC:  0.9999957776322652
Train AUPRC:  0.9999783590935329
========== Evaluate Valid set ==========
Valid loss:  7.412185547067158
Valid binary acc:  0.8373129308895241
Valid precision:  0.5268214571657326
Valid recall:  0.32867132867132864
Valid f1:  0.40479852353122114
Valid AUC:  0.7528500613822086
Valid AUPRC:  0.41103327427525443
Valid mcc:  0.3282108695474398

========== Train epoch 48 ==========
========== Evaluate Train set ==========
Train loss:  0.0012523525505621668
Train binary acc:  0.999576536436278
Train AUC:  0.999999796449516
Train AUPRC:  0.9999988763117655
========== Evaluate Valid set ==========
Valid loss:  6.633199843008127
Valid binary acc:  0.8283167983857407
Valid precision:  0.48759305210918114
Valid recall:  0.3926073926073926
Valid f1:  0.43497509684560043
Valid AUC:  0.7612982195725827
Valid AUPRC:  0.4149233885511535
Valid mcc:  0.33787776059020463

========== Train epoch 49 ==========
========== Evaluate Train set ==========
Train loss:  8.13365252392574e-05
Train binary acc:  0.9999815885407077
Train AUC:  0.9999999973903784
Train AUPRC:  0.9999999856031675
========== Evaluate Valid set ==========
Valid loss:  7.163689211233338
Valid binary acc:  0.8358836388094838
Valid precision:  0.5183016105417276
Valid recall:  0.35364635364635366
Valid f1:  0.42042755344418054
Valid AUC:  0.7624502216344109
Valid AUPRC:  0.4210205801350463
Valid mcc:  0.33693899824030615

========== Train epoch 50 ==========
========== Evaluate Train set ==========
Train loss:  4.876650745313932e-05
Train binary acc:  0.9999447656221232
Train AUC:  1.0
Train AUPRC:  1.0
========== Evaluate Valid set ==========
Valid loss:  7.296116713267653
Valid binary acc:  0.835631410795359
Valid precision:  0.5170660856935366
Valid recall:  0.35564435564435565
Valid f1:  0.4214264575318141
Valid AUC:  0.760767992622016
Valid AUPRC:  0.41915465502614535
Valid mcc:  0.33727489651296877


========== Fold 2 ==========
Train on 267 samples, validate on 67 samples
Fold 2 neg/pos weight: 5.3592

========== Train epoch 1 ==========
========== Evaluate Train set ==========
Train loss:  1.0240219027808544
Train binary acc:  0.16193652874715614
Train AUC:  0.433684762325681
Train AUPRC:  0.1269253465236848
========== Evaluate Valid set ==========
Valid loss:  1.7439580061542455
Valid binary acc:  0.1575094129131223
Valid precision:  0.15245314803116444
Valid recall:  0.9963302752293578
Valid f1:  0.2644426858221221
Valid AUC:  0.45735519643829703
Valid AUPRC:  0.12732800464272373
Valid mcc:  0.015418725312572584

========== Train epoch 2 ==========
========== Evaluate Train set ==========
Train loss:  0.6759348014990488
Train binary acc:  0.5803030887286469
Train AUC:  0.8194118038447034
Train AUPRC:  0.4179205360879805
========== Evaluate Valid set ==========
Valid loss:  0.6237024215619955
Valid binary acc:  0.5313763770743272
Valid precision:  0.22575190240367193
Valid recall:  0.8573394495412844
Valid f1:  0.3573955445071231
Valid AUC:  0.7442759369309428
Valid AUPRC:  0.3182091900596103
Valid mcc:  0.2400439623127981

========== Train epoch 3 ==========
========== Evaluate Train set ==========
Train loss:  0.5690330150868562
Train binary acc:  0.5722245787220915
Train AUC:  0.8412672599478327
Train AUPRC:  0.5300466049978201
========== Evaluate Valid set ==========
Valid loss:  0.6066665404768132
Valid binary acc:  0.5052293961790545
Valid precision:  0.21959844855122063
Valid recall:  0.8830275229357798
Valid f1:  0.3517266581399598
Valid AUC:  0.7546752065766585
Valid AUPRC:  0.3660065278205232
Valid mcc:  0.23607385047110435

========== Train epoch 4 ==========
========== Evaluate Train set ==========
Train loss:  0.5578716714283947
Train binary acc:  0.5581498476844176
Train AUC:  0.8593923103687654
Train AUPRC:  0.578275535034134
========== Evaluate Valid set ==========
Valid loss:  0.7036436066698672
Valid binary acc:  0.49986054943522523
Valid precision:  0.2182597900914118
Valid recall:  0.8871559633027523
Valid f1:  0.35033058599764516
Valid AUC:  0.7551606636100714
Valid AUPRC:  0.3701297047272927
Valid mcc:  0.2346568208859339

========== Train epoch 5 ==========
========== Evaluate Train set ==========
Train loss:  0.5255207535479399
Train binary acc:  0.6731577526703428
Train AUC:  0.8735087802268934
Train AUPRC:  0.6059010621976093
========== Evaluate Valid set ==========
Valid loss:  0.6111358582083859
Valid binary acc:  0.602008088132757
Valid precision:  0.2488610478359909
Valid recall:  0.8018348623853211
Valid f1:  0.3798348544111256
Valid AUC:  0.7560222168915361
Valid AUPRC:  0.36573768485300306
Valid mcc:  0.26431340016176874

========== Train epoch 6 ==========
========== Evaluate Train set ==========
Train loss:  0.5365386654375198
Train binary acc:  0.7550996799444722
Train AUC:  0.885054339319441
Train AUPRC:  0.6377914127248482
========== Evaluate Valid set ==========
Valid loss:  0.65046256558219
Valid binary acc:  0.6867940315158276
Valid precision:  0.28640059127864004
Valid recall:  0.7110091743119266
Valid f1:  0.4083245521601686
Valid AUC:  0.763560020759502
Valid AUPRC:  0.38407008880283056
Valid mcc:  0.29142694977450495

========== Train epoch 7 ==========
========== Evaluate Train set ==========
Train loss:  0.4795885955573021
Train binary acc:  0.6779007442255042
Train AUC:  0.8959134373987725
Train AUPRC:  0.6546451968561824
========== Evaluate Valid set ==========
Valid loss:  0.5941426162399462
Valid binary acc:  0.6024264398270813
Valid precision:  0.2502127659574468
Valid recall:  0.8091743119266055
Valid f1:  0.38223185265438786
Valid AUC:  0.7633159344265263
Valid AUPRC:  0.38642381560963956
Valid mcc:  0.26897580089847856

========== Train epoch 8 ==========
========== Evaluate Train set ==========
Train loss:  0.46279331277149
Train binary acc:  0.5679443180503605
Train AUC:  0.9058104956662401
Train AUPRC:  0.7010586736078156
========== Evaluate Valid set ==========
Valid loss:  0.6165069670819524
Valid binary acc:  0.5176404964440106
Valid precision:  0.22201361182820933
Valid recall:  0.8678899082568807
Valid f1:  0.35357877032330404
Valid AUC:  0.7635697706346585
Valid AUPRC:  0.40530092498818676
Valid mcc:  0.23597381110558893

========== Train epoch 9 ==========
========== Evaluate Train set ==========
Train loss:  0.44351573266116867
Train binary acc:  0.7668414761115181
Train AUC:  0.9114976052090615
Train AUPRC:  0.6999838362609168
========== Evaluate Valid set ==========
Valid loss:  0.7415852528899464
Valid binary acc:  0.6936968344721796
Valid precision:  0.28610090856369613
Valid recall:  0.6788990825688074
Valid f1:  0.40255677954576363
Valid AUC:  0.7580936221861143
Valid AUPRC:  0.37837581931989905
Valid mcc:  0.28055456005428836

========== Train epoch 10 ==========
========== Evaluate Train set ==========
Train loss:  0.4168836936801114
Train binary acc:  0.6713646704970501
Train AUC:  0.919419669229705
Train AUPRC:  0.7306358492553735
========== Evaluate Valid set ==========
Valid loss:  0.6814088176435499
Valid binary acc:  0.5817877562404128
Valid precision:  0.2341225626740947
Valid recall:  0.7711009174311927
Valid f1:  0.3591880341880342
Valid AUC:  0.7378569548103658
Valid AUPRC:  0.36488066939181946
Valid mcc:  0.22902380677131914

========== Train epoch 11 ==========
========== Evaluate Train set ==========
Train loss:  0.40854181882259105
Train binary acc:  0.6706512937184282
Train AUC:  0.9237563603306783
Train AUPRC:  0.7433894337336258
========== Evaluate Valid set ==========
Valid loss:  0.7237912612174874
Valid binary acc:  0.5818574815228001
Valid precision:  0.2359939134043436
Valid recall:  0.7825688073394496
Valid f1:  0.36263152300988416
Valid AUC:  0.7371621677687608
Valid AUPRC:  0.3593273453941038
Valid mcc:  0.23584883084802444

========== Train epoch 12 ==========
========== Evaluate Train set ==========
Train loss:  0.3938508021334807
Train binary acc:  0.7157868353063664
Train AUC:  0.9402778175161114
Train AUPRC:  0.7893542020321388
========== Evaluate Valid set ==========
Valid loss:  0.659411506199125
Valid binary acc:  0.6348486961372194
Valid precision:  0.2558696693818879
Valid recall:  0.7348623853211009
Valid f1:  0.3795758796351143
Valid AUC:  0.7477077044003808
Valid AUPRC:  0.3821958177662853
Valid mcc:  0.2546550864013672

========== Train epoch 13 ==========
========== Evaluate Train set ==========
Train loss:  0.34164974381554214
Train binary acc:  0.8970230979832645
Train AUC:  0.936883703326205
Train AUPRC:  0.7876860814705231
========== Evaluate Valid set ==========
Valid loss:  1.4246160961798768
Valid binary acc:  0.8115325617068749
Valid precision:  0.38331102186523874
Valid recall:  0.3940366972477064
Valid f1:  0.3885998642840986
Valid AUC:  0.7455348400567869
Valid AUPRC:  0.36452604041475656
Valid mcc:  0.277257627231927

========== Train epoch 14 ==========
========== Evaluate Train set ==========
Train loss:  0.33313311129975853
Train binary acc:  0.8757567577989435
Train AUC:  0.9546171044185399
Train AUPRC:  0.8257706978678954
========== Evaluate Valid set ==========
Valid loss:  0.9168479940784511
Valid binary acc:  0.7756937665597545
Valid precision:  0.34878973461650625
Valid recall:  0.5486238532110091
Valid f1:  0.4264574790515243
Valid AUC:  0.7643565685870715
Valid AUPRC:  0.3940621527273313
Valid mcc:  0.307249096736096

========== Train epoch 15 ==========
========== Evaluate Train set ==========
Train loss:  0.2518451530556107
Train binary acc:  0.8973123047854086
Train AUC:  0.976311655333668
Train AUPRC:  0.8995916577905619
========== Evaluate Valid set ==========
Valid loss:  0.9099908299855332
Valid binary acc:  0.7834332729047553
Valid precision:  0.3581495098039216
Valid recall:  0.5362385321100918
Valid f1:  0.4294636296840558
Valid AUC:  0.7633754708982255
Valid AUPRC:  0.38349610757469726
Valid mcc:  0.311675972075745

========== Train epoch 16 ==========
========== Evaluate Train set ==========
Train loss:  0.21099429404230488
Train binary acc:  0.8584043496703042
Train AUC:  0.9821247709248695
Train AUPRC:  0.9256224056648465
========== Evaluate Valid set ==========
Valid loss:  0.8769559006192791
Valid binary acc:  0.7258401896527681
Valid precision:  0.30764163372859027
Valid recall:  0.6426605504587156
Valid f1:  0.4160974160974161
Valid AUC:  0.7560786417009515
Valid AUPRC:  0.3881175857406623
Valid mcc:  0.2956998965003776

========== Train epoch 17 ==========
========== Evaluate Train set ==========
Train loss:  0.2030615185641192
Train binary acc:  0.9313615856244939
Train AUC:  0.9843758320505798
Train AUPRC:  0.9303494800040459
========== Evaluate Valid set ==========
Valid loss:  1.098572169222049
Valid binary acc:  0.7982847580532701
Valid precision:  0.3699379788398395
Valid recall:  0.4651376146788991
Valid f1:  0.41211135947978056
Valid AUC:  0.744812783538439
Valid AUPRC:  0.3775583553312894
Valid mcc:  0.2950641674244834

========== Train epoch 18 ==========
========== Evaluate Train set ==========
Train loss:  0.1672454198014884
Train binary acc:  0.9453399143947866
Train AUC:  0.9882008116942679
Train AUPRC:  0.9473845679913611
========== Evaluate Valid set ==========
Valid loss:  1.3022017550112597
Valid binary acc:  0.8106261330358387
Valid precision:  0.38980263157894735
Valid recall:  0.43486238532110094
Valid f1:  0.4111014744145707
Valid AUC:  0.7528168652850131
Valid AUPRC:  0.38273409943581815
Valid mcc:  0.29930880656951764

========== Train epoch 19 ==========
========== Evaluate Train set ==========
Train loss:  0.1506868114589002
Train binary acc:  0.908514248255119
Train AUC:  0.9867989947566719
Train AUPRC:  0.9378819998120201
========== Evaluate Valid set ==========
Valid loss:  1.0050762925130219
Valid binary acc:  0.7821782178217822
Valid precision:  0.3464541314248536
Valid recall:  0.48853211009174313
Valid f1:  0.40540540540540543
Valid AUC:  0.7332823020718768
Valid AUPRC:  0.36898363653900795
Valid mcc:  0.2828929779224322

========== Train epoch 20 ==========
========== Evaluate Train set ==========
Train loss:  0.13952341340377591
Train binary acc:  0.9176917441098215
Train AUC:  0.9891768571649451
Train AUPRC:  0.9484863217904684
========== Evaluate Valid set ==========
Valid loss:  1.312696763606214
Valid binary acc:  0.781271789150746
Valid precision:  0.3439843495272253
Valid recall:  0.48394495412844035
Valid f1:  0.4021345530779493
Valid AUC:  0.7363604338373849
Valid AUPRC:  0.3682241778112053
Valid mcc:  0.2788951022368236

========== Train epoch 21 ==========
========== Evaluate Train set ==========
Train loss:  0.09607455383529294
Train binary acc:  0.9572166737361663
Train AUC:  0.9954698958840696
Train AUPRC:  0.9776074618080914
========== Evaluate Valid set ==========
Valid loss:  1.4575913599622783
Valid binary acc:  0.8090921768233161
Valid precision:  0.3858428805237316
Valid recall:  0.4325688073394495
Valid f1:  0.4078719723183391
Valid AUC:  0.7473100716776122
Valid AUPRC:  0.3794701093464125
Valid mcc:  0.2951988562738604

========== Train epoch 22 ==========
========== Evaluate Train set ==========
Train loss:  0.08143265982410715
Train binary acc:  0.9700960166583118
Train AUC:  0.9962906126237298
Train AUPRC:  0.9802027487369691
========== Evaluate Valid set ==========
Valid loss:  1.4622523491062336
Valid binary acc:  0.8122995398131363
Valid precision:  0.38672566371681416
Valid recall:  0.40091743119266054
Valid f1:  0.39369369369369367
Valid AUC:  0.7388415413326815
Valid AUPRC:  0.36968570075804263
Valid mcc:  0.28276280899575684

========== Train epoch 23 ==========
========== Evaluate Train set ==========
Train loss:  0.07046950329337658
Train binary acc:  0.9694404812401187
Train AUC:  0.9964021557887045
Train AUPRC:  0.9818166991157823
========== Evaluate Valid set ==========
Valid loss:  1.810805094775869
Valid binary acc:  0.814739924696695
Valid precision:  0.3941411451398136
Valid recall:  0.4073394495412844
Valid f1:  0.40063162643807804
Valid AUC:  0.746810036977863
Valid AUPRC:  0.38113305401517916
Valid mcc:  0.2911595033780389

========== Train epoch 24 ==========
========== Evaluate Train set ==========
Train loss:  0.05821922873074345
Train binary acc:  0.9795241584082057
Train AUC:  0.997743985140369
Train AUPRC:  0.9877701173787911
========== Evaluate Valid set ==========
Valid loss:  2.0499168096193627
Valid binary acc:  0.8238739366894436
Valid precision:  0.41109969167523125
Valid recall:  0.3669724770642202
Valid f1:  0.3877847794474067
Valid AUC:  0.730753878451305
Valid AUPRC:  0.3665344001833921
Valid mcc:  0.2859398152563512

========== Train epoch 25 ==========
========== Evaluate Train set ==========
Train loss:  0.059517906276862174
Train binary acc:  0.9693633594262137
Train AUC:  0.9975730813201147
Train AUPRC:  0.9871359522603619
========== Evaluate Valid set ==========
Valid loss:  1.8256651167549305
Valid binary acc:  0.7991214614419189
Valid precision:  0.36524413687043444
Valid recall:  0.43577981651376146
Valid f1:  0.397406400334658
Valid AUC:  0.7403956563457544
Valid AUPRC:  0.3716477975280774
Valid mcc:  0.2795576821072158

========== Train epoch 26 ==========
========== Evaluate Train set ==========
Train loss:  0.04984702196675874
Train binary acc:  0.971561331122508
Train AUC:  0.9984508599693307
Train AUPRC:  0.9914619635953089
========== Evaluate Valid set ==========
Valid loss:  1.827959854656191
Valid binary acc:  0.8033049783851625
Valid precision:  0.368052696582956
Valid recall:  0.41009174311926605
Valid f1:  0.38793664569320896
Valid AUC:  0.7299617246680516
Valid AUPRC:  0.3647186667429947
Valid mcc:  0.2717312627532795

========== Train epoch 27 ==========
========== Evaluate Train set ==========
Train loss:  0.04122573943719163
Train binary acc:  0.9892415069602437
Train AUC:  0.9992319664730391
Train AUPRC:  0.9953441781729174
========== Evaluate Valid set ==========
Valid loss:  2.279932574104907
Valid binary acc:  0.8270812996792637
Valid precision:  0.41467576791808874
Valid recall:  0.33440366972477065
Valid f1:  0.3702386998476384
Valid AUC:  0.7339467268330142
Valid AUPRC:  0.35708776351609706
Valid mcc:  0.273462146538205

========== Train epoch 28 ==========
========== Evaluate Train set ==========
Train loss:  0.030345248687723477
Train binary acc:  0.9921528554351599
Train AUC:  0.9994150218082105
Train AUPRC:  0.9965611084994357
========== Evaluate Valid set ==========
Valid loss:  2.7051767364366732
Valid binary acc:  0.8378189931669223
Valid precision:  0.4474820143884892
Valid recall:  0.2853211009174312
Valid f1:  0.3484593837535014
Valid AUC:  0.7242274779769744
Valid AUPRC:  0.3558304032665885
Valid mcc:  0.2696170579936686

========== Train epoch 29 ==========
========== Evaluate Train set ==========
Train loss:  0.02264137048121923
Train binary acc:  0.9935603285389273
Train AUC:  0.9995469198826946
Train AUPRC:  0.9974052016436934
========== Evaluate Valid set ==========
Valid loss:  2.8415632812834497
Valid binary acc:  0.8390740482498954
Valid precision:  0.45314787701317716
Valid recall:  0.28394495412844034
Valid f1:  0.3491257755217146
Valid AUC:  0.7265920584343775
Valid AUPRC:  0.3569905344606548
Valid mcc:  0.27215235712037994

========== Train epoch 30 ==========
========== Evaluate Train set ==========
Train loss:  0.020957760444914143
Train binary acc:  0.9891451046928624
Train AUC:  0.9995273952706034
Train AUPRC:  0.9971166504307931
========== Evaluate Valid set ==========
Valid loss:  2.826753375245564
Valid binary acc:  0.8224097057593083
Valid precision:  0.4073700151438667
Valid recall:  0.3701834862385321
Valid f1:  0.38788752703677
Valid AUC:  0.7361040328651884
Valid AUPRC:  0.3644358935705378
Valid mcc:  0.2847491336198643

========== Train epoch 31 ==========
========== Evaluate Train set ==========
Train loss:  0.026701709144557745
Train binary acc:  0.9927698299464003
Train AUC:  0.9997528757182775
Train AUPRC:  0.9985970649263641
========== Evaluate Valid set ==========
Valid loss:  3.1901603839290678
Valid binary acc:  0.8266629479849393
Valid precision:  0.41442953020134227
Valid recall:  0.33990825688073395
Valid f1:  0.37348790322580644
Valid AUC:  0.7267271988702969
Valid AUPRC:  0.35335415188992825
Valid mcc:  0.2758560566189429

========== Train epoch 32 ==========
========== Evaluate Train set ==========
Train loss:  0.019317469583318918
Train binary acc:  0.9924420622373038
Train AUC:  0.999684879689343
Train AUPRC:  0.9982347008061844
========== Evaluate Valid set ==========
Valid loss:  3.1593489041968956
Valid binary acc:  0.8314042671872821
Valid precision:  0.4232258064516129
Valid recall:  0.30091743119266057
Valid f1:  0.3517426273458445
Valid AUC:  0.7257537011808475
Valid AUPRC:  0.35365269245120723
Valid mcc:  0.26296915956207517

========== Train epoch 33 ==========
========== Evaluate Train set ==========
Train loss:  0.014924614551440233
Train binary acc:  0.9965102379207958
Train AUC:  0.9998723838478427
Train AUPRC:  0.9992826996340791
========== Evaluate Valid set ==========
Valid loss:  3.0513970994237645
Valid binary acc:  0.839004322967508
Valid precision:  0.4509505703422053
Valid recall:  0.2720183486238532
Valid f1:  0.3393419170243205
Valid AUC:  0.724129847215496
Valid AUPRC:  0.35844720155841026
Valid mcc:  0.2645558731329713

========== Train epoch 34 ==========
========== Evaluate Train set ==========
Train loss:  0.008407645800609353
Train binary acc:  0.9964331161068908
Train AUC:  0.9999074835491714
Train AUPRC:  0.9994348031742657
========== Evaluate Valid set ==========
Valid loss:  3.265750525602654
Valid binary acc:  0.8276391019383629
Valid precision:  0.4192477876106195
Valid recall:  0.3477064220183486
Valid f1:  0.3801404212637914
Valid AUC:  0.718902575173989
Valid AUPRC:  0.35469978627909426
Valid mcc:  0.2827129129526847

========== Train epoch 35 ==========
========== Evaluate Train set ==========
Train loss:  0.0060321785102456366
Train binary acc:  0.9967608838159874
Train AUC:  0.9998858088594755
Train AUPRC:  0.9993522239909784
========== Evaluate Valid set ==========
Valid loss:  3.812355637550354
Valid binary acc:  0.8392832240970576
Valid precision:  0.45467730239303844
Valid recall:  0.28761467889908254
Valid f1:  0.3523461646529924
Valid AUC:  0.7251177717028072
Valid AUPRC:  0.3566873822704005
Valid mcc:  0.27497081338625506

========== Train epoch 36 ==========
========== Evaluate Train set ==========
Train loss:  0.009107063204781898
Train binary acc:  0.9973200169667991
Train AUC:  0.9999180502058409
Train AUPRC:  0.999545198494878
========== Evaluate Valid set ==========
Valid loss:  3.8928550197117366
Valid binary acc:  0.837749267884535
Valid precision:  0.4439359267734554
Valid recall:  0.26697247706422017
Valid f1:  0.3334288169578917
Valid AUC:  0.7232848328905344
Valid AUPRC:  0.3487511344853529
Valid mcc:  0.25791543295428326

========== Train epoch 37 ==========
========== Evaluate Train set ==========
Train loss:  0.006735520214202341
Train binary acc:  0.9974356996876567
Train AUC:  0.9999125158247395
Train AUPRC:  0.9995605215787109
========== Evaluate Valid set ==========
Valid loss:  4.089857777552818
Valid binary acc:  0.8368428392134988
Valid precision:  0.44778067885117495
Valid recall:  0.3146788990825688
Valid f1:  0.36961206896551724
Valid AUC:  0.7234808676144224
Valid AUPRC:  0.35624891386242963
Valid mcc:  0.284906234544584

========== Train epoch 38 ==========
========== Evaluate Train set ==========
Train loss:  0.007282774297409288
Train binary acc:  0.9951991670844098
Train AUC:  0.9999290488415724
Train AUPRC:  0.9996390037274487
========== Evaluate Valid set ==========
Valid loss:  3.3493622701559493
Valid binary acc:  0.8229675080184075
Valid precision:  0.4073309241094476
Valid recall:  0.36192660550458716
Valid f1:  0.38328880252611125
Valid AUC:  0.7304166119768447
Valid AUPRC:  0.35384245242384726
Valid mcc:  0.28102626887846455

========== Train epoch 39 ==========
========== Evaluate Train set ==========
Train loss:  0.004556084365714954
Train binary acc:  0.9980912351058497
Train AUC:  0.9999777502732408
Train AUPRC:  0.9998779367618935
========== Evaluate Valid set ==========
Valid loss:  3.3164505816217678
Valid binary acc:  0.8272904755264259
Valid precision:  0.41827187671986793
Valid recall:  0.3486238532110092
Valid f1:  0.38028521391043285
Valid AUC:  0.7384176009196942
Valid AUPRC:  0.35779695113122767
Valid mcc:  0.28248217462870323

========== Train epoch 40 ==========
========== Evaluate Train set ==========
Train loss:  0.003281569061457959
Train binary acc:  0.9984575637218988
Train AUC:  0.9999893267510944
Train AUPRC:  0.9999414912662723
========== Evaluate Valid set ==========
Valid loss:  3.4253777763736784
Valid binary acc:  0.8291730581508855
Valid precision:  0.42346938775510207
Valid recall:  0.3426605504587156
Valid f1:  0.3788032454361055
Valid AUC:  0.7354858870085649
Valid AUPRC:  0.3592535624072764
Valid mcc:  0.28316628671956556

========== Train epoch 41 ==========
========== Evaluate Train set ==========
Train loss:  0.002637958011571456
Train binary acc:  0.9992287818609493
Train AUC:  0.9999900841169825
Train AUPRC:  0.9999464220053123
========== Evaluate Valid set ==========
Valid loss:  4.134265316956079
Valid binary acc:  0.843954818017013
Valid precision:  0.4749568221070812
Valid recall:  0.25229357798165136
Valid f1:  0.32953864589574594
Valid AUC:  0.7378979344597174
Valid AUPRC:  0.3585720013185368
Valid mcc:  0.2665953788506804

========== Train epoch 42 ==========
========== Evaluate Train set ==========
Train loss:  0.002680551227057379
Train binary acc:  0.9990938186866155
Train AUC:  0.9999851556285917
Train AUPRC:  0.9999167710109353
========== Evaluate Valid set ==========
Valid loss:  4.265467608152931
Valid binary acc:  0.8376795426021475
Valid precision:  0.4475920679886686
Valid recall:  0.28990825688073396
Valid f1:  0.3518930957683742
Valid AUC:  0.7373852456666803
Valid AUPRC:  0.355836785558851
Valid mcc:  0.27207472227867113

========== Train epoch 43 ==========
========== Evaluate Train set ==========
Train loss:  0.003348819168789879
Train binary acc:  0.9990745382331393
Train AUC:  0.9999935287292443
Train AUPRC:  0.9999647169417363
========== Evaluate Valid set ==========
Valid loss:  3.7240323593367393
Valid binary acc:  0.8300097615395342
Valid precision:  0.4204685573366215
Valid recall:  0.3128440366972477
Valid f1:  0.3587585481325618
Valid AUC:  0.7453485552080551
Valid AUPRC:  0.35969800473696373
Valid mcc:  0.26702533308157134

========== Train epoch 44 ==========
========== Evaluate Train set ==========
Train loss:  0.0024821422787814126
Train binary acc:  0.9989395750588054
Train AUC:  0.9999930967501822
Train AUPRC:  0.9999607686039568
========== Evaluate Valid set ==========
Valid loss:  3.4452507682700655
Valid binary acc:  0.8313345419048948
Valid precision:  0.43136128661688683
Valid recall:  0.3444954128440367
Valid f1:  0.3830655445039531
Valid AUC:  0.7383890113438006
Valid AUPRC:  0.3662273253463668
Valid mcc:  0.28922800334359644

========== Train epoch 45 ==========
========== Evaluate Train set ==========
Train loss:  0.0015417143680653443
Train binary acc:  0.9996143909304747
Train AUC:  0.9999981598813977
Train AUPRC:  0.9999899654674
========== Evaluate Valid set ==========
Valid loss:  4.288952161127062
Valid binary acc:  0.8391437735322828
Valid precision:  0.45518701482004237
Valid recall:  0.2958715596330275
Valid f1:  0.3586321934945788
Valid AUC:  0.7388294341376132
Valid AUPRC:  0.36017449246930666
Valid mcc:  0.27961316797419244

========== Train epoch 46 ==========
========== Evaluate Train set ==========
Train loss:  0.0009499750627299663
Train binary acc:  0.9997686345582848
Train AUC:  0.9999973408042149
Train AUPRC:  0.9999849487066963
========== Evaluate Valid set ==========
Valid loss:  4.579028564602582
Valid binary acc:  0.8408171803095803
Valid precision:  0.4607170099160946
Valid recall:  0.27706422018348625
Valid f1:  0.346032655399599
Valid AUC:  0.7385124217558375
Valid AUPRC:  0.3583948407736656
Valid mcc:  0.2727410041386359

========== Train epoch 47 ==========
========== Evaluate Train set ==========
Train loss:  0.000600789948007952
Train binary acc:  0.9996529518374272
Train AUC:  0.9999988218752851
Train AUPRC:  0.9999936182156139
========== Evaluate Valid set ==========
Valid loss:  4.76391185130646
Valid binary acc:  0.8399804769209316
Valid precision:  0.4570575056011949
Valid recall:  0.28073394495412846
Valid f1:  0.34782608695652173
Valid AUC:  0.7324807567260937
Valid AUPRC:  0.35053669139244426
Valid mcc:  0.2726638769872244

========== Train epoch 48 ==========
========== Evaluate Train set ==========
Train loss:  0.0008297809825538885
Train binary acc:  0.9997300736513323
Train AUC:  0.9999992987352888
Train AUPRC:  0.9999962150137838
========== Evaluate Valid set ==========
Valid loss:  4.45811766919805
Valid binary acc:  0.8339143773532283
Valid precision:  0.43718905472636815
Valid recall:  0.32247706422018346
Valid f1:  0.37117212249208026
Valid AUC:  0.7361176676035599
Valid AUPRC:  0.35432476014765973
Valid mcc:  0.2822739015789834

========== Train epoch 49 ==========
========== Evaluate Train set ==========
Train loss:  0.0005444203753880994
Train binary acc:  0.9993637450352832
Train AUC:  0.9999996044867029
Train AUPRC:  0.9999978755983273
========== Evaluate Valid set ==========
Valid loss:  4.638312606669184
Valid binary acc:  0.8303583879514712
Valid precision:  0.424024024024024
Valid recall:  0.3238532110091743
Valid f1:  0.3672301690507152
Valid AUC:  0.7344729749301855
Valid AUPRC:  0.3539102268069206
Valid mcc:  0.27458912001297525

========== Train epoch 50 ==========
========== Evaluate Train set ==========
Train loss:  0.0005553200621159551
Train binary acc:  0.9998457563721899
Train AUC:  0.9999998064509397
Train AUPRC:  0.9999989606820752
========== Evaluate Valid set ==========
Valid loss:  4.827008522268551
Valid binary acc:  0.8395621252266071
Valid precision:  0.45612762871646123
Valid recall:  0.2885321100917431
Valid f1:  0.35347007586400675
Valid AUC:  0.733348193878059
Valid AUPRC:  0.35411727300987694
Valid mcc:  0.27628838452740895


========== Fold 3 ==========
Train on 267 samples, validate on 67 samples
Fold 3 neg/pos weight: 5.5976

========== Train epoch 1 ==========
========== Evaluate Train set ==========
Train loss:  1.4817500391814593
Train binary acc:  0.47589614557123583
Train AUC:  0.79877255477254
Train AUPRC:  0.42899022761017613
========== Evaluate Valid set ==========
Valid loss:  0.930184575603969
Valid binary acc:  0.47183594437599014
Valid precision:  0.24275737196068287
Valid recall:  0.9278299555116164
Valid f1:  0.38482829318298306
Valid AUC:  0.7662735432980093
Valid AUPRC:  0.3981759523854635
Valid mcc:  0.24686268573591977

========== Train epoch 2 ==========
========== Evaluate Train set ==========
Train loss:  0.6840750730774375
Train binary acc:  0.6329905553732269
Train AUC:  0.8285063844091103
Train AUPRC:  0.4841649143385871
========== Evaluate Valid set ==========
Valid loss:  0.6995983270566855
Valid binary acc:  0.6194331983805668
Valid precision:  0.29980859578910735
Valid recall:  0.851705388037568
Valid f1:  0.4435006435006435
Valid AUC:  0.7906352881471176
Valid AUPRC:  0.44383190796740435
Valid mcc:  0.3219980873896963

========== Train epoch 3 ==========
========== Evaluate Train set ==========
Train loss:  0.6124525497133813
Train binary acc:  0.7358421762753893
Train AUC:  0.8382407868571761
Train AUPRC:  0.5164797537539594
========== Evaluate Valid set ==========
Valid loss:  0.7092372828455114
Valid binary acc:  0.6962682626298187
Valid precision:  0.33691183188670626
Valid recall:  0.7291151754819575
Valid f1:  0.46086548976722386
Valid AUC:  0.7827623141242666
Valid AUPRC:  0.44102769314100315
Valid mcc:  0.3287857389875699

========== Train epoch 4 ==========
========== Evaluate Train set ==========
Train loss:  0.5655302171794216
Train binary acc:  0.7459431863763993
Train AUC:  0.8529491955213089
Train AUPRC:  0.5463481625825333
========== Evaluate Valid set ==========
Valid loss:  0.6886525145217554
Valid binary acc:  0.7015490230593205
Valid precision:  0.3477970627503338
Valid recall:  0.7726149283242709
Valid f1:  0.4796685591529845
Valid AUC:  0.8022870038777212
Valid AUPRC:  0.46076157147774255
Valid mcc:  0.3589312223962389

========== Train epoch 5 ==========
========== Evaluate Train set ==========
Train loss:  0.5480075734161706
Train binary acc:  0.7415125989133209
Train AUC:  0.8619131939103744
Train AUPRC:  0.5742294209411661
========== Evaluate Valid set ==========
Valid loss:  0.6774311110154906
Valid binary acc:  0.6967083259989438
Valid precision:  0.34107661380388654
Valid recall:  0.754819574888779
Valid f1:  0.46984615384615386
Valid AUC:  0.7945252891882553
Valid AUPRC:  0.460425390467767
Valid mcc:  0.3436431568801306

========== Train epoch 6 ==========
========== Evaluate Train set ==========
Train loss:  0.5367887964130341
Train binary acc:  0.7576669219268497
Train AUC:  0.8724684969123644
Train AUPRC:  0.5903924228410282
========== Evaluate Valid set ==========
Valid loss:  0.7168895413181675
Valid binary acc:  0.7033092765358212
Valid precision:  0.3463992707383774
Valid recall:  0.7513593672763222
Valid f1:  0.4741849945406333
Valid AUC:  0.7921302494278639
Valid AUPRC:  0.45780474133021376
Valid mcc:  0.3490689053708995

========== Train epoch 7 ==========
========== Evaluate Train set ==========
Train loss:  0.5118740803739997
Train binary acc:  0.63736644422565
Train AUC:  0.8695429587539868
Train AUPRC:  0.5914548795753579
========== Evaluate Valid set ==========
Valid loss:  0.6718375362567047
Valid binary acc:  0.5932934342545326
Valid precision:  0.28479125248508946
Valid recall:  0.8497281265447355
Valid f1:  0.42660379699714607
Valid AUC:  0.7777956593721935
Valid AUPRC:  0.4331455897000852
Valid mcc:  0.2970396694842413

========== Train epoch 8 ==========
========== Evaluate Train set ==========
Train loss:  0.495697419602103
Train binary acc:  0.8204244612186851
Train AUC:  0.8939859068776904
Train AUPRC:  0.6579089883780045
========== Evaluate Valid set ==========
Valid loss:  0.7414215093673165
Valid binary acc:  0.7463474740362612
Valid precision:  0.3811237199003598
Valid recall:  0.680672268907563
Valid f1:  0.4886444286728176
Valid AUC:  0.8005898226715716
Valid AUPRC:  0.45981163577974504
Valid mcc:  0.36247019562740396

========== Train epoch 9 ==========
========== Evaluate Train set ==========
Train loss:  0.49193428827917085
Train binary acc:  0.8087371914086715
Train AUC:  0.89688627628113
Train AUPRC:  0.6586640442899495
========== Evaluate Valid set ==========
Valid loss:  0.7907953974026353
Valid binary acc:  0.7268086604471043
Valid precision:  0.35913474068282514
Valid recall:  0.6811665842807711
Valid f1:  0.47030716723549487
Valid AUC:  0.7804687416055971
Valid AUPRC:  0.45087232599169147
Valid mcc:  0.3380119264742183

========== Train epoch 10 ==========
========== Evaluate Train set ==========
Train loss:  0.47263280093000176
Train binary acc:  0.8609743645844729
Train AUC:  0.9035627551430506
Train AUPRC:  0.6804424778343718
========== Evaluate Valid set ==========
Valid loss:  0.9565022094036216
Valid binary acc:  0.7911459250132019
Valid precision:  0.434407796101949
Valid recall:  0.5729115175481958
Valid f1:  0.49413771050948624
Valid AUC:  0.8059807925740164
Valid AUPRC:  0.4866897591404882
Valid mcc:  0.37122472242067195

========== Train epoch 11 ==========
========== Evaluate Train set ==========
Train loss:  0.44823212639780974
Train binary acc:  0.7062502279108778
Train AUC:  0.9178185230346417
Train AUPRC:  0.7255451309800698
========== Evaluate Valid set ==========
Valid loss:  0.7197660561372985
Valid binary acc:  0.620049287097342
Valid precision:  0.2979922507925326
Valid recall:  0.8363816114681166
Valid f1:  0.4394234514998052
Valid AUC:  0.7828849269909585
Valid AUPRC:  0.42894882843332227
Valid mcc:  0.31336523679808215

========== Train epoch 12 ==========
========== Evaluate Train set ==========
Train loss:  0.4236577418580484
Train binary acc:  0.7121759107318674
Train AUC:  0.9223405295886054
Train AUPRC:  0.7351133966836154
========== Evaluate Valid set ==========
Valid loss:  0.7484076632492578
Valid binary acc:  0.6295546558704453
Valid precision:  0.29878497790868924
Valid recall:  0.8022738507167573
Valid f1:  0.43541247484909457
Valid AUC:  0.7679643728771341
Valid AUPRC:  0.44081364674283785
Valid mcc:  0.3020602620351044

========== Train epoch 13 ==========
========== Evaluate Train set ==========
Train loss:  0.3918421170238252
Train binary acc:  0.8311636217773402
Train AUC:  0.9355106545070869
Train AUPRC:  0.7614903479789308
========== Evaluate Valid set ==========
Valid loss:  0.9733948051484663
Valid binary acc:  0.7352578771343073
Valid precision:  0.36075770426915466
Valid recall:  0.6307464162135442
Valid f1:  0.4589928057553957
Valid AUC:  0.7699452600903932
Valid AUPRC:  0.44033988722374195
Valid mcc:  0.32109957526798344

========== Train epoch 14 ==========
========== Evaluate Train set ==========
Train loss:  0.3873312106488572
Train binary acc:  0.8621412682784524
Train AUC:  0.941626687808214
Train AUPRC:  0.7943163118410169
========== Evaluate Valid set ==========
Valid loss:  0.8665316251676474
Valid binary acc:  0.7516282344657631
Valid precision:  0.382188145089944
Valid recall:  0.6406327236777064
Valid f1:  0.4787587735500554
Valid AUC:  0.7836234094930463
Valid AUPRC:  0.44020942911853844
Valid mcc:  0.3480479483799394

========== Train epoch 15 ==========
========== Evaluate Train set ==========
Train loss:  0.35812275996257303
Train binary acc:  0.8481931225613536
Train AUC:  0.9456122671767051
Train AUPRC:  0.8017278026889418
========== Evaluate Valid set ==========
Valid loss:  0.8555756051148942
Valid binary acc:  0.7378982573490582
Valid precision:  0.36605890603085556
Valid recall:  0.6450815620365793
Valid f1:  0.4670722977809592
Valid AUC:  0.7744471080698109
Valid AUPRC:  0.45872791103434973
Valid mcc:  0.33231650506375826

========== Train epoch 16 ==========
========== Evaluate Train set ==========
Train loss:  0.3349260086549467
Train binary acc:  0.8322211282500092
Train AUC:  0.9586678621101428
Train AUPRC:  0.8412466840671512
========== Evaluate Valid set ==========
Valid loss:  0.9731297666457162
Valid binary acc:  0.7070938215102975
Valid precision:  0.34143377885783716
Valid recall:  0.69451309935739
Valid f1:  0.4578038449006191
Valid AUC:  0.7736987805458345
Valid AUPRC:  0.4538549632885049
Valid mcc:  0.321826899078497

========== Train epoch 17 ==========
========== Evaluate Train set ==========
Train loss:  0.26279113900739604
Train binary acc:  0.871075374685483
Train AUC:  0.9730618823655462
Train AUPRC:  0.8845067534359436
========== Evaluate Valid set ==========
Valid loss:  1.1874593918892875
Valid binary acc:  0.7221439887343778
Valid precision:  0.35356404958677684
Valid recall:  0.6767177459218982
Valid f1:  0.46446140797285834
Valid AUC:  0.7613690286303294
Valid AUPRC:  0.4276910311368648
Valid mcc:  0.3298725676408595

========== Train epoch 18 ==========
========== Evaluate Train set ==========
Train loss:  0.23300768759569035
Train binary acc:  0.9031287605294825
Train AUC:  0.9765553732811367
Train AUPRC:  0.8982806191139723
========== Evaluate Valid set ==========
Valid loss:  1.2823676762741003
Valid binary acc:  0.7591973244147158
Valid precision:  0.3843658773921505
Valid recall:  0.5857637172516065
Valid f1:  0.46415981198589895
Valid AUC:  0.7575247063735454
Valid AUPRC:  0.45487172591865765
Valid mcc:  0.32910758195277445

========== Train epoch 19 ==========
========== Evaluate Train set ==========
Train loss:  0.205346710997815
Train binary acc:  0.9003391313860628
Train AUC:  0.9807598324063896
Train AUPRC:  0.9091154214825461
========== Evaluate Valid set ==========
Valid loss:  1.3936321295019407
Valid binary acc:  0.7539165639852139
Valid precision:  0.37584323803405073
Valid recall:  0.5783489866534849
Valid f1:  0.45560747663551404
Valid AUC:  0.7539302412448512
Valid AUPRC:  0.4387816530454448
Valid mcc:  0.3176199675088397

========== Train epoch 20 ==========
========== Evaluate Train set ==========
Train loss:  0.180127649452914
Train binary acc:  0.8840207125405681
Train AUC:  0.9836268769926658
Train AUPRC:  0.9237339557164734
========== Evaluate Valid set ==========
Valid loss:  1.2533747691716721
Valid binary acc:  0.7289209646189051
Valid precision:  0.3581208053691275
Valid recall:  0.6594167078596145
Valid f1:  0.4641614474599861
Valid AUC:  0.764185948750733
Valid AUPRC:  0.4455476562012932
Valid mcc:  0.32874001933335234

========== Train epoch 21 ==========
========== Evaluate Train set ==========
Train loss:  0.1560653097241287
Train binary acc:  0.9266309302410386
Train AUC:  0.9866401516315115
Train AUPRC:  0.9360016686953074
========== Evaluate Valid set ==========
Valid loss:  1.5175632011534563
Valid binary acc:  0.7716951240978701
Valid precision:  0.4018563080096253
Valid recall:  0.5778546712802768
Valid f1:  0.4740470397404704
Valid AUC:  0.7696143667875117
Valid AUPRC:  0.44620383179265066
Valid mcc:  0.34319907229413704

========== Train epoch 22 ==========
========== Evaluate Train set ==========
Train loss:  0.14972709276546003
Train binary acc:  0.9358202968311271
Train AUC:  0.9905036098020503
Train AUPRC:  0.9516397722815024
========== Evaluate Valid set ==========
Valid loss:  1.644276256881543
Valid binary acc:  0.7687907058616441
Valid precision:  0.3972089857045609
Valid recall:  0.5768660405338606
Valid f1:  0.47046966337431967
Valid AUC:  0.7575623926938928
Valid AUPRC:  0.44400286948428325
Valid mcc:  0.3383244382320037

========== Train epoch 23 ==========
========== Evaluate Train set ==========
Train loss:  0.11318277414434799
Train binary acc:  0.938609925974547
Train AUC:  0.9944365664121688
Train AUPRC:  0.9701660701446684
========== Evaluate Valid set ==========
Valid loss:  1.7809254369184153
Valid binary acc:  0.779968315437423
Valid precision:  0.4107744107744108
Valid recall:  0.5427582797825012
Valid f1:  0.4676320272572402
Valid AUC:  0.7528844193900988
Valid AUPRC:  0.4486038337103297
Valid mcc:  0.33741458349080494

========== Train epoch 24 ==========
========== Evaluate Train set ==========
Train loss:  0.0869997114803189
Train binary acc:  0.968949422018014
Train AUC:  0.9960813145599342
Train AUPRC:  0.9776035012010094
========== Evaluate Valid set ==========
Valid loss:  2.395483183327006
Valid binary acc:  0.8053159654990318
Valid precision:  0.4546762589928058
Valid recall:  0.46861097380128525
Valid f1:  0.46153846153846156
Valid AUC:  0.759686853143026
Valid AUPRC:  0.44737269492320625
Valid mcc:  0.3428071545304278

========== Train epoch 25 ==========
========== Evaluate Train set ==========
Train loss:  0.08091112519238611
Train binary acc:  0.9496955110673522
Train AUC:  0.9965613628037016
Train AUPRC:  0.9802450077021913
========== Evaluate Valid set ==========
Valid loss:  2.4340295335694924
Valid binary acc:  0.7778560112656222
Valid precision:  0.4040597472232861
Valid recall:  0.5215027187345527
Valid f1:  0.4553301683211049
Valid AUC:  0.7405090945506904
Valid AUPRC:  0.43306539626046586
Valid mcc:  0.32270754006099317

========== Train epoch 26 ==========
========== Evaluate Train set ==========
Train loss:  0.06856135157127181
Train binary acc:  0.9705356817270174
Train AUC:  0.9968555756220538
Train AUPRC:  0.9815182803935032
========== Evaluate Valid set ==========
Valid loss:  2.863378601732539
Valid binary acc:  0.7980989262453794
Valid precision:  0.43334972946384653
Valid recall:  0.4354918437963421
Valid f1:  0.4344181459566075
Valid AUC:  0.7436276904896613
Valid AUPRC:  0.42764396885619144
Valid mcc:  0.31153637850076704

========== Train epoch 27 ==========
========== Evaluate Train set ==========
Train loss:  0.06527923227345928
Train binary acc:  0.9628596433650586
Train AUC:  0.9976037140189464
Train AUPRC:  0.98542160979745
========== Evaluate Valid set ==========
Valid loss:  2.9490851831080307
Valid binary acc:  0.7978348882239042
Valid precision:  0.43604108309990663
Valid recall:  0.4616905585763717
Valid f1:  0.44849939975990394
Valid AUC:  0.7419756852307258
Valid AUPRC:  0.427340812228503
Valid mcc:  0.32505453673853424

========== Train epoch 28 ==========
========== Evaluate Train set ==========
Train loss:  0.05464643150928291
Train binary acc:  0.9800532399810378
Train AUC:  0.9980361339614634
Train AUPRC:  0.9887384659551676
========== Evaluate Valid set ==========
Valid loss:  3.126814437668715
Valid binary acc:  0.8106847386023588
Valid precision:  0.4651416122004357
Valid recall:  0.42214532871972316
Valid f1:  0.4426017102876393
Valid AUC:  0.7410780415414404
Valid AUPRC:  0.43680634806739627
Valid mcc:  0.32946459843335774

========== Train epoch 29 ==========
========== Evaluate Train set ==========
Train loss:  0.04073816009773094
Train binary acc:  0.9764248988075703
Train AUC:  0.9988746831482926
Train AUPRC:  0.9929986812772877
========== Evaluate Valid set ==========
Valid loss:  3.3597081125672186
Valid binary acc:  0.7966027107903538
Valid precision:  0.4352517985611511
Valid recall:  0.4784972812654474
Valid f1:  0.45585118907464095
Valid AUC:  0.7400827680517607
Valid AUPRC:  0.43739411020067454
Valid mcc:  0.33168289925894096

========== Train epoch 30 ==========
========== Evaluate Train set ==========
Train loss:  0.029453502512688565
Train binary acc:  0.9818218283922255
Train AUC:  0.9992203890263827
Train AUPRC:  0.9951381877386876
========== Evaluate Valid set ==========
Valid loss:  3.7053308389080106
Valid binary acc:  0.7958986093997535
Valid precision:  0.43416370106761565
Valid recall:  0.4824518042511122
Valid f1:  0.45703582299227347
Valid AUC:  0.756132535590151
Valid AUPRC:  0.4367892766362705
Valid mcc:  0.33249392996877275

========== Train epoch 31 ==========
========== Evaluate Train set ==========
Train loss:  0.023976804335235684
Train binary acc:  0.9900448528607373
Train AUC:  0.9992161545953441
Train AUPRC:  0.995570231164653
========== Evaluate Valid set ==========
Valid loss:  4.985204752256621
Valid binary acc:  0.8155254356627354
Valid precision:  0.4788160185722577
Valid recall:  0.4078101828966881
Valid f1:  0.4404698344901228
Valid AUC:  0.7522397292470776
Valid AUPRC:  0.4372396854969524
Valid mcc:  0.3324012071682162

========== Train epoch 32 ==========
========== Evaluate Train set ==========
Train loss:  0.023668476058244223
Train binary acc:  0.988294497319768
Train AUC:  0.9994143637107253
Train AUPRC:  0.996511062971912
========== Evaluate Valid set ==========
Valid loss:  5.168856956175904
Valid binary acc:  0.8130610807956345
Valid precision:  0.4711593375214163
Valid recall:  0.4078101828966881
Valid f1:  0.43720190779014306
Valid AUC:  0.7485530861311852
Valid AUPRC:  0.43901047849012437
Valid mcc:  0.3270360501201032

========== Train epoch 33 ==========
========== Evaluate Train set ==========
Train loss:  0.02281023805496507
Train binary acc:  0.9934361667213653
Train AUC:  0.9990197873799112
Train AUPRC:  0.9815777163886414
========== Evaluate Valid set ==========
Valid loss:  5.993566269305215
Valid binary acc:  0.8195740186586868
Valid precision:  0.49072164948453606
Valid recall:  0.35294117647058826
Valid f1:  0.410580793559517
Valid AUC:  0.7483622991344268
Valid AUPRC:  0.42225912110846925
Valid mcc:  0.31322475411331524

========== Train epoch 34 ==========
========== Evaluate Train set ==========
Train loss:  0.8720350103372636
Train binary acc:  0.9885315246326076
Train AUC:  0.9996504241931772
Train AUPRC:  0.9979181892145041
========== Evaluate Valid set ==========
Valid loss:  4.829349037871432
Valid binary acc:  0.8094525611688083
Valid precision:  0.46278825995807127
Valid recall:  0.4364804745427583
Valid f1:  0.4492495548206563
Valid AUC:  0.7493690584829763
Valid AUPRC:  0.4395970278142808
Valid mcc:  0.33437547720282845

========== Train epoch 35 ==========
========== Evaluate Train set ==========
Train loss:  0.01382195783912359
Train binary acc:  0.9910294278525326
Train AUC:  0.9997647835601209
Train AUPRC:  0.9984350535530042
========== Evaluate Valid set ==========
Valid loss:  5.514222443993412
Valid binary acc:  0.808484421756733
Valid precision:  0.46106870229007635
Valid recall:  0.4478497281265447
Valid f1:  0.4543630892678034
Valid AUC:  0.7528552548360097
Valid AUPRC:  0.4349473578861178
Valid mcc:  0.338305461374013

========== Train epoch 36 ==========
========== Evaluate Train set ==========
Train loss:  0.008653499929672027
Train binary acc:  0.9936184954235496
Train AUC:  0.9998568307327477
Train AUPRC:  0.999095223645561
========== Evaluate Valid set ==========
Valid loss:  6.148803768318091
Valid binary acc:  0.808484421756733
Valid precision:  0.45911277391769106
Valid recall:  0.4246169055857637
Valid f1:  0.44119157678479715
Valid AUC:  0.7550942298273782
Valid AUPRC:  0.43623300356698
Valid mcc:  0.3262056272777691

========== Train epoch 37 ==========
========== Evaluate Train set ==========
Train loss:  0.008174906743374611
Train binary acc:  0.9960252342923823
Train AUC:  0.9999199904513838
Train AUPRC:  0.9995124586594007
========== Evaluate Valid set ==========
Valid loss:  6.942644447088242
Valid binary acc:  0.814293258229185
Valid precision:  0.47418397626112757
Valid recall:  0.3949579831932773
Valid f1:  0.43096008629989213
Valid AUC:  0.7536099869172361
Valid AUPRC:  0.43286670735819094
Valid mcc:  0.3230167217151208

========== Train epoch 38 ==========
========== Evaluate Train set ==========
Train loss:  0.006618594585883098
Train binary acc:  0.9961346315136929
Train AUC:  0.9999153708370584
Train AUPRC:  0.9994672653102208
========== Evaluate Valid set ==========
Valid loss:  7.590644839539457
Valid binary acc:  0.8148213342721352
Valid precision:  0.4756464221286831
Valid recall:  0.39100346020761245
Valid f1:  0.42919153553988065
Valid AUC:  0.7481947749716467
Valid AUPRC:  0.4258747583069675
Valid mcc:  0.32211988322325436

========== Train epoch 39 ==========
========== Evaluate Train set ==========
Train loss:  0.00746278523689238
Train binary acc:  0.9966269190095904
Train AUC:  0.9999373650612788
Train AUPRC:  0.9996284581380357
========== Evaluate Valid set ==========
Valid loss:  7.904918124871467
Valid binary acc:  0.8154374229889104
Valid precision:  0.47724477244772445
Valid recall:  0.38358872960949086
Valid f1:  0.42532200602904907
Valid AUC:  0.7432471221704231
Valid AUPRC:  0.4205778826477451
Valid mcc:  0.31961795533347814

========== Train epoch 40 ==========
========== Evaluate Train set ==========
Train loss:  0.011034844421007042
Train binary acc:  0.9972468365970171
Train AUC:  0.999953842633585
Train AUPRC:  0.9997275113820885
========== Evaluate Valid set ==========
Valid loss:  7.833999596424957
Valid binary acc:  0.8128850554479845
Valid precision:  0.4714047751249306
Valid recall:  0.41967375185368266
Valid f1:  0.4440376569037657
Valid AUC:  0.7604781864749831
Valid AUPRC:  0.4381273641032577
Valid mcc:  0.33281703657205325

========== Train epoch 41 ==========
========== Evaluate Train set ==========
Train loss:  0.003494867158513563
Train binary acc:  0.9973197680778908
Train AUC:  0.9999729350575368
Train AUPRC:  0.9998296084338052
========== Evaluate Valid set ==========
Valid loss:  8.08271611404063
Valid binary acc:  0.8131490934694596
Valid precision:  0.4720670391061452
Valid recall:  0.4176964903608502
Valid f1:  0.44322056123787046
Valid AUC:  0.7491362978176286
Valid AUPRC:  0.4290941330175285
Valid mcc:  0.33235702213528046

========== Train epoch 42 ==========
========== Evaluate Train set ==========
Train loss:  0.0020124814536657807
Train binary acc:  0.9990154250082048
Train AUC:  0.9999861773487415
Train AUPRC:  0.9999169767236484
========== Evaluate Valid set ==========
Valid loss:  8.637020926866958
Valid binary acc:  0.8118289033620841
Valid precision:  0.4670109007458405
Valid recall:  0.40237271379139894
Valid f1:  0.43228890069038767
Valid AUC:  0.7615192181443542
Valid AUPRC:  0.4371854008244752
Valid mcc:  0.32153630139196737

========== Train epoch 43 ==========
========== Evaluate Train set ==========
Train loss:  0.0016215116733307243
Train binary acc:  0.9992889180614812
Train AUC:  0.9999907168242622
Train AUPRC:  0.9999450667740698
========== Evaluate Valid set ==========
Valid loss:  9.240718716116094
Valid binary acc:  0.8164935750748108
Valid precision:  0.4804785894206549
Valid recall:  0.3771626297577855
Valid f1:  0.4225976183882581
Valid AUC:  0.7535484819955457
Valid AUPRC:  0.4274949367433064
Valid mcc:  0.3186537983172857

========== Train epoch 44 ==========
========== Evaluate Train set ==========
Train loss:  0.001005559923736491
Train binary acc:  0.9989789592677679
Train AUC:  0.9999969366295602
Train AUPRC:  0.9999825900176599
========== Evaluate Valid set ==========
Valid loss:  9.13217242440181
Valid binary acc:  0.8157894736842105
Valid precision:  0.4793388429752066
Valid recall:  0.4013840830449827
Valid f1:  0.4369114877589454
Valid AUC:  0.7574151143422544
Valid AUPRC:  0.42993883788678544
Valid mcc:  0.32966937727673545

========== Train epoch 45 ==========
========== Evaluate Train set ==========
Train loss:  0.0008037482346360643
Train binary acc:  0.9981949458483754
Train AUC:  0.9999955859029317
Train AUPRC:  0.9999744810004276
========== Evaluate Valid set ==========
Valid loss:  9.386624991004147
Valid binary acc:  0.8134131314909347
Valid precision:  0.47217441193344806
Valid recall:  0.4068215521502719
Valid f1:  0.43706850770047795
Valid AUC:  0.7532947080307908
Valid AUPRC:  0.42586400715268674
Valid mcc:  0.32728190300056725

========== Train epoch 46 ==========
========== Evaluate Train set ==========
Train loss:  0.0012603421862473093
Train binary acc:  0.9996718083360683
Train AUC:  0.9999986247147055
Train AUPRC:  0.9999923836154774
========== Evaluate Valid set ==========
Valid loss:  9.821669771155314
Valid binary acc:  0.8173737018130611
Valid precision:  0.48375
Valid recall:  0.38260009886307467
Valid f1:  0.4272702180513387
Valid AUC:  0.7596993711412874
Valid AUPRC:  0.42822019131050126
Valid mcc:  0.3235140875140451

========== Train epoch 47 ==========
========== Evaluate Train set ==========
Train loss:  0.001433987115986813
Train binary acc:  0.9992524523210444
Train AUC:  0.999999270995389
Train AUPRC:  0.9999958500191567
========== Evaluate Valid set ==========
Valid loss:  9.569766798570974
Valid binary acc:  0.8148213342721352
Valid precision:  0.47643979057591623
Valid recall:  0.40484429065743943
Valid f1:  0.4377338321753073
Valid AUC:  0.7562807666858433
Valid AUPRC:  0.42683142889664694
Valid mcc:  0.3293237072324296

========== Train epoch 48 ==========
========== Evaluate Train set ==========
Train loss:  0.00023344938487444933
Train binary acc:  0.9998359041680341
Train AUC:  0.9999998500628815
Train AUPRC:  0.9999991598377919
========== Evaluate Valid set ==========
Valid loss:  10.40587265633825
Valid binary acc:  0.8173737018130611
Valid precision:  0.4835651074589128
Valid recall:  0.37815126050420167
Valid f1:  0.42441054091539526
Valid AUC:  0.7609792504519051
Valid AUPRC:  0.42857592067183475
Valid mcc:  0.3211986206589557

========== Train epoch 49 ==========
========== Evaluate Train set ==========
Train loss:  0.00019439558225988954
Train binary acc:  0.9998359041680341
Train AUC:  0.9999993511341938
Train AUPRC:  0.9999964545296595
========== Evaluate Valid set ==========
Valid loss:  10.242847658804994
Valid binary acc:  0.8184298538989615
Valid precision:  0.4868247694334651
Valid recall:  0.3652990608007909
Valid f1:  0.41739621575826036
Valid AUC:  0.7545782659920605
Valid AUPRC:  0.4266578157282851
Valid mcc:  0.31695605498740426

========== Train epoch 50 ==========
========== Evaluate Train set ==========
Train loss:  8.475120168100415e-05
Train binary acc:  0.9992159865806075
Train AUC:  0.9999998500628814
Train AUPRC:  0.9999991610406215
========== Evaluate Valid set ==========
Valid loss:  9.997511056821738
Valid binary acc:  0.8125330047526844
Valid precision:  0.4701617401003904
Valid recall:  0.416707859614434
Valid f1:  0.4418238993710692
Valid AUC:  0.7622199084656444
Valid AUPRC:  0.42870448266972677
Valid mcc:  0.33053166525616434


========== Fold 4 ==========
Train on 267 samples, validate on 67 samples
Fold 4 neg/pos weight: 5.2892

========== Train epoch 1 ==========
========== Evaluate Train set ==========
Train loss:  1.7464462611894036
Train binary acc:  0.49368825997022947
Train AUC:  0.7916260964998083
Train AUPRC:  0.44901389669032965
========== Evaluate Valid set ==========
Valid loss:  0.6493866252365397
Valid binary acc:  0.4885005870571172
Valid precision:  0.20736155631701117
Valid recall:  0.8886783514921838
Valid f1:  0.33626097867001253
Valid AUC:  0.7537753676454818
Valid AUPRC:  0.341661174071114
Valid mcc:  0.22513619928586445

========== Train epoch 2 ==========
========== Evaluate Train set ==========
Train loss:  0.6186860361684128
Train binary acc:  0.6015001256548551
Train AUC:  0.8322210430148756
Train AUPRC:  0.5112662648923851
========== Evaluate Valid set ==========
Valid loss:  0.6203980327986959
Valid binary acc:  0.567787830651288
Valid precision:  0.23392788399846015
Valid recall:  0.8635717669351018
Valid f1:  0.3681340872374798
Valid AUC:  0.7798446909645342
Valid AUPRC:  0.38116222240941267
Valid mcc:  0.2696126152642946

========== Train epoch 3 ==========
========== Evaluate Train set ==========
Train loss:  0.5624919760316499
Train binary acc:  0.22619807071468614
Train AUC:  0.8486646624954864
Train AUPRC:  0.5544479307201122
========== Evaluate Valid set ==========
Valid loss:  0.7089784536788712
Valid binary acc:  0.2126528075143311
Valid precision:  0.1560903369122547
Valid recall:  0.9985788725722407
Valid f1:  0.2699795081967213
Valid AUC:  0.7794925498053379
Valid AUPRC:  0.37949179951699397
Valid mcc:  0.10860590929613954

========== Train epoch 4 ==========
========== Evaluate Train set ==========
Train loss:  0.5341379105040197
Train binary acc:  0.6853989058361847
Train AUC:  0.8740409518294653
Train AUPRC:  0.6100747817763799
========== Evaluate Valid set ==========
Valid loss:  0.5947184024462059
Valid binary acc:  0.6273913944333173
Valid precision:  0.25688480900207283
Valid recall:  0.8218853623874941
Valid f1:  0.39142695995487875
Valid AUC:  0.7968598040020762
Valid AUPRC:  0.4179661750067193
Valid mcc:  0.2943343740430005

========== Train epoch 5 ==========
========== Evaluate Train set ==========
Train loss:  0.6345802960491805
Train binary acc:  0.8197722747395079
Train AUC:  0.8749258860031458
Train AUPRC:  0.6110921079585883
========== Evaluate Valid set ==========
Valid loss:  0.6492663170419523
Valid binary acc:  0.7688376269079357
Valid precision:  0.34226646248085757
Valid recall:  0.635243960208432
Valid f1:  0.44484989218775917
Valid AUC:  0.8027439203751924
Valid AUPRC:  0.4067948980751653
Valid mcc:  0.3390928754889495

========== Train epoch 6 ==========
========== Evaluate Train set ==========
Train loss:  0.4976236747668477
Train binary acc:  0.6382493378955711
Train AUC:  0.889087542241862
Train AUPRC:  0.6335674475027039
========== Evaluate Valid set ==========
Valid loss:  0.5726701926384399
Valid binary acc:  0.5856067407970164
Valid precision:  0.24444736496254435
Valid recall:  0.8810990052108005
Valid f1:  0.38271604938271603
Valid AUC:  0.8027103876816012
Valid AUPRC:  0.4125901660011173
Valid mcc:  0.2941895491233673

========== Train epoch 7 ==========
========== Evaluate Train set ==========
Train loss:  0.4644430390513792
Train binary acc:  0.7106845289876085
Train AUC:  0.8981440493610761
Train AUPRC:  0.6696668030048941
========== Evaluate Valid set ==========
Valid loss:  0.6350422877429137
Valid binary acc:  0.6376130948269908
Valid precision:  0.2632850241545894
Valid recall:  0.8261487446707722
Valid f1:  0.3993131081854608
Valid AUC:  0.7933274382692028
Valid AUPRC:  0.39593383983100916
Valid mcc:  0.3057201355787172

========== Train epoch 8 ==========
========== Evaluate Train set ==========
Train loss:  0.46604362264108123
Train binary acc:  0.6863074870962129
Train AUC:  0.9023179072517945
Train AUPRC:  0.6778942448015834
========== Evaluate Valid set ==========
Valid loss:  0.6502997110139078
Valid binary acc:  0.6153739899164307
Valid precision:  0.2521502293577982
Valid recall:  0.8332543818095689
Valid f1:  0.38714647298338284
Valid AUC:  0.793692774189041
Valid AUPRC:  0.40808198396022044
Valid mcc:  0.29058934127495206

========== Train epoch 9 ==========
========== Evaluate Train set ==========
Train loss:  0.43238144965095915
Train binary acc:  0.8790040402868797
Train AUC:  0.9158283862518738
Train AUPRC:  0.715165686501879
========== Evaluate Valid set ==========
Valid loss:  0.8392918243337033
Valid binary acc:  0.8146280820498654
Valid precision:  0.3980064079743681
Valid recall:  0.5296068214116533
Valid f1:  0.45447154471544715
Valid AUC:  0.8046660656954301
Valid AUPRC:  0.42839083353841156
Valid mcc:  0.3506273703828205

========== Train epoch 10 ==========
========== Evaluate Train set ==========
Train loss:  0.44085840102327006
Train binary acc:  0.8554775851069999
Train AUC:  0.9179727162006415
Train AUPRC:  0.7245432549246613
========== Evaluate Valid set ==========
Valid loss:  0.7792528362861321
Valid binary acc:  0.7957731887561296
Valid precision:  0.379073756432247
Valid recall:  0.6281383230696352
Valid f1:  0.47281155286147264
Valid AUC:  0.8104193260460975
Valid AUPRC:  0.43930212532673685
Valid mcc:  0.37308214469845924

========== Train epoch 11 ==========
========== Evaluate Train set ==========
Train loss:  0.4267935911925991
Train binary acc:  0.6517427361827988
Train AUC:  0.9263790046626744
Train AUPRC:  0.7566975782608114
========== Evaluate Valid set ==========
Valid loss:  0.6029216942947302
Valid binary acc:  0.5810484149457835
Valid precision:  0.24106324472960586
Valid recall:  0.872098531501658
Valid f1:  0.37771850636027904
Valid AUC:  0.7977519919683932
Valid AUPRC:  0.42550383400831376
Valid mcc:  0.28520160872952655

========== Train epoch 12 ==========
========== Evaluate Train set ==========
Train loss:  0.39494859505347096
Train binary acc:  0.7213748574300682
Train AUC:  0.9402051154713369
Train AUPRC:  0.7920518369744638
========== Evaluate Valid set ==========
Valid loss:  0.5826257162574512
Valid binary acc:  0.6380274880861938
Valid precision:  0.2648031259392846
Valid recall:  0.8346755092373283
Valid f1:  0.4020536223616657
Valid AUC:  0.8095316193192438
Valid AUPRC:  0.43901604737006295
Valid mcc:  0.3109653045378155

========== Train epoch 13 ==========
========== Evaluate Train set ==========
Train loss:  0.3690062716380041
Train binary acc:  0.87877206209283
Train AUC:  0.9439398871612686
Train AUPRC:  0.7929618501800592
========== Evaluate Valid set ==========
Valid loss:  0.7385565142578153
Valid binary acc:  0.7946681400649216
Valid precision:  0.3750724637681159
Valid recall:  0.6129796305068688
Valid f1:  0.4653839237547204
Valid AUC:  0.809176777926012
Valid AUPRC:  0.4454645947244511
Valid mcc:  0.363364995720188

========== Train epoch 14 ==========
========== Evaluate Train set ==========
Train loss:  0.3390528822129362
Train binary acc:  0.8522878849388158
Train AUC:  0.9509203136545595
Train AUPRC:  0.8188032478257234
========== Evaluate Valid set ==========
Valid loss:  0.6838658925757479
Valid binary acc:  0.770288003315146
Valid precision:  0.3490683229813665
Valid recall:  0.6655613453339649
Valid f1:  0.4579530638852673
Valid AUC:  0.8077951964789867
Valid AUPRC:  0.4530359578356041
Valid mcc:  0.35740592562412393

========== Train epoch 15 ==========
========== Evaluate Train set ==========
Train loss:  0.37339109261886455
Train binary acc:  0.9057588586672852
Train AUC:  0.9513851446144491
Train AUPRC:  0.8151367097733264
========== Evaluate Valid set ==========
Valid loss:  1.0746820973816202
Valid binary acc:  0.8178741625802887
Valid precision:  0.39403706688154716
Valid recall:  0.46328754144955
Valid f1:  0.42586544741998694
Valid AUC:  0.768308927303112
Valid AUPRC:  0.4153388297810958
Valid mcc:  0.31994882466671987

========== Train epoch 16 ==========
========== Evaluate Train set ==========
Train loss:  0.3256887298300583
Train binary acc:  0.7902723810628468
Train AUC:  0.9543876648732157
Train AUPRC:  0.8223476712342968
========== Evaluate Valid set ==========
Valid loss:  0.6681939069904498
Valid binary acc:  0.6932799226465917
Valid precision:  0.2841793256761764
Valid recall:  0.7266698247276172
Valid f1:  0.4085763750166467
Valid AUC:  0.7804333228336999
Valid AUPRC:  0.4093578713229722
Valid mcc:  0.30232482173221165

========== Train epoch 17 ==========
========== Evaluate Train set ==========
Train loss:  0.3145935377768809
Train binary acc:  0.8196562856424829
Train AUC:  0.9614585948704993
Train AUPRC:  0.8512306269857361
========== Evaluate Valid set ==========
Valid loss:  0.7392864418563558
Valid binary acc:  0.6999792803370398
Valid precision:  0.2816350479170741
Valid recall:  0.6821411653244908
Valid f1:  0.39867109634551495
Valid AUC:  0.7747313286285171
Valid AUPRC:  0.3798235689348601
Valid mcc:  0.28439752217001

========== Train epoch 18 ==========
========== Evaluate Train set ==========
Train loss:  0.2675315388984113
Train binary acc:  0.8778828123489726
Train AUC:  0.9696604357940465
Train AUPRC:  0.8788626820629881
========== Evaluate Valid set ==========
Valid loss:  0.7671784778584295
Valid binary acc:  0.774017542647973
Valid precision:  0.3515724878547686
Valid recall:  0.6513500710563714
Valid f1:  0.4566589173032215
Valid AUC:  0.8052851278616353
Valid AUPRC:  0.43627450077752084
Valid mcc:  0.354719526023625

========== Train epoch 19 ==========
========== Evaluate Train set ==========
Train loss:  0.2500578308903546
Train binary acc:  0.9189622842119507
Train AUC:  0.9622289380370711
Train AUPRC:  0.8688552036645892
========== Evaluate Valid set ==========
Valid loss:  1.1545942041522532
Valid binary acc:  0.834588024034809
Valid precision:  0.43683274021352314
Valid recall:  0.46518237801989576
Valid f1:  0.4505620555173205
Valid AUC:  0.7947424183556471
Valid AUPRC:  0.4308617718131368
Valid mcc:  0.3535555580614726

========== Train epoch 20 ==========
========== Evaluate Train set ==========
Train loss:  0.2654070065178898
Train binary acc:  0.8874519128535251
Train AUC:  0.9772763347198763
Train AUPRC:  0.9038968366627766
========== Evaluate Valid set ==========
Valid loss:  0.7997369203549712
Valid binary acc:  0.7896263554112853
Valid precision:  0.36523493802248486
Valid recall:  0.6001894836570346
Valid f1:  0.45412186379928315
Valid AUC:  0.7929655686072401
Valid AUPRC:  0.42905581395854575
Valid mcc:  0.3490311606774782

========== Train epoch 21 ==========
========== Evaluate Train set ==========
Train loss:  0.17984443403124697
Train binary acc:  0.9164105240774034
Train AUC:  0.983038655705488
Train AUPRC:  0.9233532079777623
========== Evaluate Valid set ==========
Valid loss:  0.9224946634538138
Valid binary acc:  0.8066164790386077
Valid precision:  0.38042346407497396
Valid recall:  0.5191852202747513
Valid f1:  0.4391025641025641
Valid AUC:  0.7797115368705658
Valid AUPRC:  0.4083331775254879
Valid mcc:  0.3313607894618151

========== Train epoch 22 ==========
========== Evaluate Train set ==========
Train loss:  0.14923081474469396
Train binary acc:  0.9350847686984091
Train AUC:  0.9891061102161868
Train AUPRC:  0.9470493471180708
========== Evaluate Valid set ==========
Valid loss:  1.079674622905788
Valid binary acc:  0.8281649285171628
Valid precision:  0.424690371554135
Valid recall:  0.5035528185693984
Valid f1:  0.46077156480277415
Valid AUC:  0.8011749503463348
Valid AUPRC:  0.4272787629916138
Valid mcc:  0.3612907757745035

========== Train epoch 23 ==========
========== Evaluate Train set ==========
Train loss:  0.1330321272224718
Train binary acc:  0.9430686848769549
Train AUC:  0.9899845606902236
Train AUPRC:  0.9516557438383222
========== Evaluate Valid set ==========
Valid loss:  1.3368622866361888
Valid binary acc:  0.8318944678499897
Valid precision:  0.42601923957856164
Valid recall:  0.44054950260540027
Valid f1:  0.43316255239869583
Valid AUC:  0.7816105099696471
Valid AUPRC:  0.4068956449410708
Valid mcc:  0.3345736181427679

========== Train epoch 24 ==========
========== Evaluate Train set ==========
Train loss:  0.12419503397715526
Train binary acc:  0.9345628177617971
Train AUC:  0.9923144110844435
Train AUPRC:  0.9607649093011441
========== Evaluate Valid set ==========
Valid loss:  1.180231881897841
Valid binary acc:  0.8136611644450583
Valid precision:  0.39514112182922473
Valid recall:  0.5239223117006159
Valid f1:  0.4505091649694501
Valid AUC:  0.7848761270508757
Valid AUPRC:  0.4097434234468263
Valid mcc:  0.3458782439942413

========== Train epoch 25 ==========
========== Evaluate Train set ==========
Train loss:  0.10665111868181841
Train binary acc:  0.9496414003750314
Train AUC:  0.9930808835941158
Train AUPRC:  0.963515682203069
========== Evaluate Valid set ==========
Valid loss:  1.5404222674334227
Valid binary acc:  0.8173216382346847
Valid precision:  0.39816933638443935
Valid recall:  0.4945523448602558
Valid f1:  0.44115782801605746
Valid AUC:  0.7829557435854696
Valid AUPRC:  0.4311301585193716
Valid mcc:  0.33629063462070985

========== Train epoch 26 ==========
========== Evaluate Train set ==========
Train loss:  0.11596411849390184
Train binary acc:  0.9655512381836108
Train AUC:  0.9945734438282445
Train AUPRC:  0.9706347185136339
========== Evaluate Valid set ==========
Valid loss:  1.702826353818623
Valid binary acc:  0.8450859866012846
Valid precision:  0.467098703888335
Valid recall:  0.44386546660350545
Valid f1:  0.4551858149137722
Valid AUC:  0.7852056705067951
Valid AUPRC:  0.4313549123778346
Valid mcc:  0.3651213732045837

========== Train epoch 27 ==========
========== Evaluate Train set ==========
Train loss:  0.07617417623704013
Train binary acc:  0.9623808695315974
Train AUC:  0.9968620235179437
Train AUPRC:  0.982785793239999
========== Evaluate Valid set ==========
Valid loss:  1.6170430910676272
Valid binary acc:  0.8167691138890807
Valid precision:  0.4030758226037196
Valid recall:  0.5338702036949313
Valid f1:  0.4593437945791726
Valid AUC:  0.7891897796486462
Valid AUPRC:  0.43072143806526775
Valid mcc:  0.3566477901468274

========== Train epoch 28 ==========
========== Evaluate Train set ==========
Train loss:  0.05765091097961208
Train binary acc:  0.9718919754876375
Train AUC:  0.9975731093028792
Train AUPRC:  0.9861106368293779
========== Evaluate Valid set ==========
Valid loss:  1.9817468150338131
Valid binary acc:  0.8256785689619449
Valid precision:  0.4226301985762458
Valid recall:  0.5343439128375178
Valid f1:  0.4719665271966527
Valid AUC:  0.7859559334061771
Valid AUPRC:  0.42459222802058905
Valid mcc:  0.37291654721534684

========== Train epoch 29 ==========
========== Evaluate Train set ==========
Train loss:  0.049829233194473105
Train binary acc:  0.9757196156894585
Train AUC:  0.9981958630642636
Train AUPRC:  0.9897694484806645
========== Evaluate Valid set ==========
Valid loss:  1.907387269521827
Valid binary acc:  0.8313419435043856
Valid precision:  0.4316398182569186
Valid recall:  0.4950260540028423
Valid f1:  0.46116504854368934
Valid AUC:  0.7884177808228077
Valid AUPRC:  0.4244949470404148
Valid mcc:  0.3629369654351472

========== Train epoch 30 ==========
========== Evaluate Train set ==========
Train loss:  0.04419259401593098
Train binary acc:  0.9740957683311102
Train AUC:  0.9987141272549022
Train AUPRC:  0.992610800758463
========== Evaluate Valid set ==========
Valid loss:  2.0427394144570648
Valid binary acc:  0.8296153049243732
Valid precision:  0.428341384863124
Valid recall:  0.5040265277119849
Valid f1:  0.4631120783460283
Valid AUC:  0.7839306812770903
Valid AUPRC:  0.4272288211691401
Valid mcc:  0.36433970940085336

========== Train epoch 31 ==========
========== Evaluate Train set ==========
Train loss:  0.03955097966878922
Train binary acc:  0.9872218678110924
Train AUC:  0.9986339836968491
Train AUPRC:  0.9920283320706225
========== Evaluate Valid set ==========
Valid loss:  2.9584600426145453
Valid binary acc:  0.8425305615028662
Valid precision:  0.4584358091490408
Valid recall:  0.4414969208905732
Valid f1:  0.4498069498069498
Valid AUC:  0.7648041958802625
Valid AUPRC:  0.4100274441069255
Valid mcc:  0.35804770102420685

========== Train epoch 32 ==========
========== Evaluate Train set ==========
Train loss:  0.036669986760488146
Train binary acc:  0.9783100388563475
Train AUC:  0.999011583744247
Train AUPRC:  0.9943849463304162
========== Evaluate Valid set ==========
Valid loss:  2.0921762752443995
Valid binary acc:  0.8243663236411355
Valid precision:  0.41509433962264153
Valid recall:  0.5002368545712932
Valid f1:  0.45370569280343714
Valid AUC:  0.7741358025447924
Valid AUPRC:  0.4119251569130373
Valid mcc:  0.35230883534927476

========== Train epoch 33 ==========
========== Evaluate Train set ==========
Train loss:  0.02377338074795725
Train binary acc:  0.9930793172108489
Train AUC:  0.9995911636116891
Train AUPRC:  0.9976091732474996
========== Evaluate Valid set ==========
Valid loss:  3.840460562883918
Valid binary acc:  0.8522688030941363
Valid precision:  0.49167657550535077
Valid recall:  0.3917574609189957
Valid f1:  0.4360664381755866
Valid AUC:  0.7750369721406323
Valid AUPRC:  0.41866253772318807
Valid mcc:  0.35532690008402706

========== Train epoch 34 ==========
========== Evaluate Train set ==========
Train loss:  0.01446630982814545
Train binary acc:  0.9943745287942933
Train AUC:  0.9997043572697365
Train AUPRC:  0.9981789284618099
========== Evaluate Valid set ==========
Valid loss:  4.413859629141751
Valid binary acc:  0.8486773948477104
Valid precision:  0.4778270509977827
Valid recall:  0.40833728090952154
Valid f1:  0.44035759897828863
Valid AUC:  0.7734394294225467
Valid AUPRC:  0.40744644996815393
Valid mcc:  0.35494896552285454

========== Train epoch 35 ==========
========== Evaluate Train set ==========
Train loss:  0.013971973754322173
Train binary acc:  0.9922093989831623
Train AUC:  0.9997164597099552
Train AUPRC:  0.9983884068138442
========== Evaluate Valid set ==========
Valid loss:  4.6220667802575806
Valid binary acc:  0.8443262656260792
Valid precision:  0.4648993618065783
Valid recall:  0.44860255802937
Valid f1:  0.4566055930568949
Valid AUC:  0.7729789150406023
Valid AUPRC:  0.4121768932363842
Valid mcc:  0.3658681930487817

========== Train epoch 36 ==========
========== Evaluate Train set ==========
Train loss:  0.011727281545932894
Train binary acc:  0.9940072299870479
Train AUC:  0.9998052263090645
Train AUPRC:  0.9989398421948306
========== Evaluate Valid set ==========
Valid loss:  4.741053998025496
Valid binary acc:  0.8381103667380344
Valid precision:  0.4449692961738309
Valid recall:  0.4462340123164377
Valid f1:  0.445600756859035
Valid AUC:  0.7778207219253795
Valid AUPRC:  0.4037206439468256
Valid mcc:  0.3508178011747475

========== Train epoch 37 ==========
========== Evaluate Train set ==========
Train loss:  0.011965320091187297
Train binary acc:  0.9915521274333546
Train AUC:  0.99984305254815
Train AUPRC:  0.9991110547346493
========== Evaluate Valid set ==========
Valid loss:  4.370963531198786
Valid binary acc:  0.8349333517508115
Valid precision:  0.43862736471623404
Valid recall:  0.47228801515869256
Valid f1:  0.45483576642335766
Valid AUC:  0.7690704124517482
Valid AUPRC:  0.40423080457552885
Valid mcc:  0.3580744390114494

========== Train epoch 38 ==========
========== Evaluate Train set ==========
Train loss:  0.010901093759371136
Train binary acc:  0.9885557424268785
Train AUC:  0.999763896915883
Train AUPRC:  0.9987101379605583
========== Evaluate Valid set ==========
Valid loss:  3.814160025386668
Valid binary acc:  0.8338283030596035
Valid precision:  0.4393253805018511
Valid recall:  0.5059213642823307
Valid f1:  0.4702774108322325
Valid AUC:  0.7823267422599418
Valid AUPRC:  0.4206410930512992
Valid mcc:  0.3736192776421079

========== Train epoch 39 ==========
========== Evaluate Train set ==========
Train loss:  0.0075801612927141725
Train binary acc:  0.9959403816041292
Train AUC:  0.9999463054649762
Train AUPRC:  0.9997074920610796
========== Evaluate Valid set ==========
Valid loss:  4.697292350121399
Valid binary acc:  0.8419089716140618
Valid precision:  0.456963249516441
Valid recall:  0.4476551397441971
Valid f1:  0.45226130653266333
Valid AUC:  0.7868816540660851
Valid AUPRC:  0.4179522383495798
Valid mcc:  0.3599221489024908

========== Train epoch 40 ==========
========== Evaluate Train set ==========
Train loss:  0.003741614176087095
Train binary acc:  0.9979315277697229
Train AUC:  0.9999537589248684
Train AUPRC:  0.9997442970220713
========== Evaluate Valid set ==========
Valid loss:  6.148617503803168
Valid binary acc:  0.8521306720077353
Valid precision:  0.49161073825503354
Valid recall:  0.41639033633349126
Valid f1:  0.450884842267248
Valid AUC:  0.7852995658789694
Valid AUPRC:  0.41646208235372995
Valid mcc:  0.3678089871816857

========== Train epoch 41 ==========
========== Evaluate Train set ==========
Train loss:  0.0027349052612064134
Train binary acc:  0.9985694678033599
Train AUC:  0.9999798306636514
Train AUPRC:  0.9998915902319024
========== Evaluate Valid set ==========
Valid loss:  6.38676668369948
Valid binary acc:  0.8531666551557427
Valid precision:  0.49566724436741766
Valid recall:  0.40644244433917576
Valid f1:  0.4466423737636648
Valid AUC:  0.7840840009486439
Valid AUPRC:  0.4193329386182858
Valid mcc:  0.36532448360176484

========== Train epoch 42 ==========
========== Evaluate Train set ==========
Train loss:  0.0034425342672105594
Train binary acc:  0.99833748960931
Train AUC:  0.9999755631596187
Train AUPRC:  0.9998567036917447
========== Evaluate Valid set ==========
Valid loss:  6.513209986152933
Valid binary acc:  0.8488155259341115
Valid precision:  0.4791889007470651
Valid recall:  0.42539081004263385
Valid f1:  0.4506900878293601
Valid AUC:  0.784361895247159
Valid AUPRC:  0.41467206687762864
Valid mcc:  0.36426098309685206

========== Train epoch 43 ==========
========== Evaluate Train set ==========
Train loss:  0.0024841688700828796
Train binary acc:  0.9976028919948191
Train AUC:  0.9999766558865845
Train AUPRC:  0.9998673616067241
========== Evaluate Valid set ==========
Valid loss:  6.873462863822482
Valid binary acc:  0.8471579528972996
Valid precision:  0.47318611987381703
Valid recall:  0.4263382283278067
Valid f1:  0.448542237727386
Valid AUC:  0.7826490276399787
Valid AUPRC:  0.4102293881677965
Valid mcc:  0.36076566807581245

========== Train epoch 44 ==========
========== Evaluate Train set ==========
Train loss:  0.0036968241739668284
Train binary acc:  0.9980088538344062
Train AUC:  0.9999718601846065
Train AUPRC:  0.9998504168635549
========== Evaluate Valid set ==========
Valid loss:  6.772947764218743
Valid binary acc:  0.8524069341805374
Valid precision:  0.49264705882352944
Valid recall:  0.41260066319279964
Valid f1:  0.4490848156741428
Valid AUC:  0.7917486631351948
Valid AUPRC:  0.428281026844588
Valid mcc:  0.3665534435140449

========== Train epoch 45 ==========
========== Evaluate Train set ==========
Train loss:  0.0020566785579726452
Train binary acc:  0.9991494132884842
Train AUC:  0.9999943826567742
Train AUPRC:  0.9999698729017894
========== Evaluate Valid set ==========
Valid loss:  6.809648228225424
Valid binary acc:  0.8512328199461289
Valid precision:  0.488283378746594
Valid recall:  0.42444339175746093
Valid f1:  0.45413076533198177
Valid AUC:  0.7897034560850789
Valid AUPRC:  0.417423369325976
Valid mcc:  0.3697118312607383

========== Train epoch 46 ==========
========== Evaluate Train set ==========
Train loss:  0.0007872772201835026
Train binary acc:  0.9992654023855091
Train AUC:  0.9999980185590314
Train AUPRC:  0.9999894493643553
========== Evaluate Valid set ==========
Valid loss:  7.180683317469128
Valid binary acc:  0.8508874922301264
Valid precision:  0.4871382636655949
Valid recall:  0.4306016106110848
Valid f1:  0.4571284888106613
Valid AUC:  0.7876208670715766
Valid AUPRC:  0.4193878905197372
Valid mcc:  0.37203146016285504

========== Train epoch 47 ==========
========== Evaluate Train set ==========
Train loss:  0.000548393852500321
Train binary acc:  0.9995747066442421
Train AUC:  0.9999988178426942
Train AUPRC:  0.9999937514201928
========== Evaluate Valid set ==========
Valid loss:  7.927591651233275
Valid binary acc:  0.8517162787485324
Valid precision:  0.49004424778761063
Valid recall:  0.4197063003315964
Valid f1:  0.4521561622862975
Valid AUC:  0.7923872206081248
Valid AUPRC:  0.4275589823442062
Valid mcc:  0.3684754019618793

========== Train epoch 48 ==========
========== Evaluate Train set ==========
Train loss:  0.0005588801633602181
Train binary acc:  0.9993620599663632
Train AUC:  0.9999991671799595
Train AUPRC:  0.9999955854378069
========== Evaluate Valid set ==========
Valid loss:  7.941304249994791
Valid binary acc:  0.8494371158229159
Valid precision:  0.4821520951888257
Valid recall:  0.4414969208905732
Valid f1:  0.4609297725024728
Valid AUC:  0.7850560469002692
Valid AUPRC:  0.4175759343284971
Valid mcc:  0.3741153626773114

========== Train epoch 49 ==========
========== Evaluate Train set ==========
Train loss:  0.0006807388910299388
Train binary acc:  0.9995553751280712
Train AUC:  0.999999088928412
Train AUPRC:  0.9999951608594563
========== Evaluate Valid set ==========
Valid loss:  8.01538104708515
Valid binary acc:  0.8490917881069134
Valid precision:  0.4805672268907563
Valid recall:  0.4334438654666035
Valid f1:  0.45579078455790784
Valid AUC:  0.7883558094941607
Valid AUPRC:  0.4207173996084126
Valid mcc:  0.3691225230894833

========== Train epoch 50 ==========
========== Evaluate Train set ==========
Train loss:  0.00046165382833617094
Train binary acc:  0.9994973805795588
Train AUC:  0.9999995807952817
Train AUPRC:  0.9999977825527878
========== Evaluate Valid set ==========
Valid loss:  7.961909104639025
Valid binary acc:  0.8470198218108985
Valid precision:  0.4736575481256332
Valid recall:  0.44291804831833254
Valid f1:  0.45777233782129745
Valid AUC:  0.7894952316548014
Valid AUPRC:  0.4169044526416225
Valid mcc:  0.3691179122566105


========== Fold 5 ==========
Train on 268 samples, validate on 66 samples
Fold 5 neg/pos weight: 5.2623

========== Train epoch 1 ==========
========== Evaluate Train set ==========
Train loss:  1.4058205373029211
Train binary acc:  0.2278741094917142
Train AUC:  0.7785729135275536
Train AUPRC:  0.4237527220072817
========== Evaluate Valid set ==========
Valid loss:  0.6117024051420616
Valid binary acc:  0.21888047555020876
Valid precision:  0.15427081735930073
Valid recall:  0.996039603960396
Valid f1:  0.26716239543221354
Valid AUC:  0.8015557209671922
Valid AUPRC:  0.42267101472781776
Valid mcc:  0.11194764228599473

========== Train epoch 2 ==========
========== Evaluate Train set ==========
Train loss:  0.6413489999388581
Train binary acc:  0.33602166023388447
Train AUC:  0.8014932868826746
Train AUPRC:  0.4567882437254318
========== Evaluate Valid set ==========
Valid loss:  0.5599897381934252
Valid binary acc:  0.329063760526502
Valid precision:  0.17273445039038512
Valid recall:  0.9747524752475247
Valid f1:  0.2934644906475892
Valid AUC:  0.797002663481607
Valid AUPRC:  0.4378267659568564
Valid mcc:  0.17382695453288263

========== Train epoch 3 ==========
========== Evaluate Train set ==========
Train loss:  0.5775053657924951
Train binary acc:  0.40691668106841794
Train AUC:  0.8440787193158026
Train AUPRC:  0.5375980222805857
========== Evaluate Valid set ==========
Valid loss:  0.5876154387087533
Valid binary acc:  0.4537541575260067
Valid precision:  0.20320799916675347
Valid recall:  0.9658415841584158
Valid f1:  0.33577144824025473
Valid AUC:  0.8299888980723685
Valid AUPRC:  0.46619503375883287
Valid mcc:  0.2506366289244434

========== Train epoch 4 ==========
========== Evaluate Train set ==========
Train loss:  0.5648402706233423
Train binary acc:  0.7140964341263898
Train AUC:  0.8486516298866337
Train AUPRC:  0.5537898903791252
========== Evaluate Valid set ==========
Valid loss:  0.5514581011551799
Valid binary acc:  0.7338475691741561
Valid precision:  0.32223810496222177
Valid recall:  0.7811881188118812
Valid f1:  0.4562671678473327
Valid AUC:  0.8277557387891378
Valid AUPRC:  0.452551171748661
Valid mcc:  0.3730210475423968

========== Train epoch 5 ==========
========== Evaluate Train set ==========
Train loss:  0.5581132785709046
Train binary acc:  0.6558173473894425
Train AUC:  0.8633887285169249
Train AUPRC:  0.5751019575596582
========== Evaluate Valid set ==========
Valid loss:  0.5236839232119647
Valid binary acc:  0.6621612058594579
Valid precision:  0.2756598240469208
Valid recall:  0.8376237623762376
Valid f1:  0.41480755087031135
Valid AUC:  0.8226468082775581
Valid AUPRC:  0.46107116334609266
Valid mcc:  0.3322576154403515

========== Train epoch 6 ==========
========== Evaluate Train set ==========
Train loss:  0.5148692311746861
Train binary acc:  0.47521938667742
Train AUC:  0.8533519488136614
Train AUPRC:  0.5836868490052245
========== Evaluate Valid set ==========
Valid loss:  0.7981695288961584
Valid binary acc:  0.48899582478239334
Valid precision:  0.20738156858332396
Valid recall:  0.9123762376237624
Valid f1:  0.3379481067204548
Valid AUC:  0.7896137297653472
Valid AUPRC:  0.41604612537608543
Valid mcc:  0.2396430171686506

========== Train epoch 7 ==========
========== Evaluate Train set ==========
Train loss:  0.5000420510490884
Train binary acc:  0.5542753998886265
Train AUC:  0.8768158342465374
Train AUPRC:  0.6267807871315415
========== Evaluate Valid set ==========
Valid loss:  0.5454277721318331
Valid binary acc:  0.5705894841129432
Valid precision:  0.2330519651806911
Valid recall:  0.8747524752475248
Valid f1:  0.36804832326598624
Valid AUC:  0.806890655005555
Valid AUPRC:  0.4540031445559689
Valid mcc:  0.2769841319711526

========== Train epoch 8 ==========
========== Evaluate Train set ==========
Train loss:  0.4708572154336456
Train binary acc:  0.8431553276878468
Train AUC:  0.9031792792475821
Train AUPRC:  0.6882377869552591
========== Evaluate Valid set ==========
Valid loss:  0.6792471912322622
Valid binary acc:  0.807939990092704
Valid precision:  0.391494684177611
Valid recall:  0.6198019801980198
Valid f1:  0.479877347642775
Valid AUC:  0.8136570673416116
Valid AUPRC:  0.46367591123288177
Valid mcc:  0.38404712195227597

========== Train epoch 9 ==========
========== Evaluate Train set ==========
Train loss:  0.43990615766439867
Train binary acc:  0.8377210668817329
Train AUC:  0.9020603645326573
Train AUPRC:  0.6896255297102771
========== Evaluate Valid set ==========
Valid loss:  0.6543840343753496
Valid binary acc:  0.8096383836954214
Valid precision:  0.3967324290998767
Valid recall:  0.6371287128712871
Valid f1:  0.4889817629179331
Valid AUC:  0.8158775141819358
Valid AUPRC:  0.4939940517955524
Valid mcc:  0.39578403699574455

========== Train epoch 10 ==========
========== Evaluate Train set ==========
Train loss:  0.4185683130661943
Train binary acc:  0.7952647041880293
Train AUC:  0.9191373874482122
Train AUPRC:  0.7412618387629697
========== Evaluate Valid set ==========
Valid loss:  0.6740898934729171
Valid binary acc:  0.7555020876088033
Valid precision:  0.3351711463358603
Valid recall:  0.7222772277227723
Valid f1:  0.45786913541503216
Valid AUC:  0.813192572663261
Valid AUPRC:  0.4476429551717397
Valid mcc:  0.36642231869740266

========== Train epoch 11 ==========
========== Evaluate Train set ==========
Train loss:  0.38484984101143793
Train binary acc:  0.8512971177295159
Train AUC:  0.9268149073855068
Train AUPRC:  0.7599839492772213
========== Evaluate Valid set ==========
Valid loss:  0.7263650609688326
Valid binary acc:  0.787913098860661
Valid precision:  0.3583647434038852
Valid recall:  0.6118811881188119
Valid f1:  0.45200219418540866
Valid AUC:  0.8015420683757749
Valid AUPRC:  0.4294603280390801
Valid mcc:  0.3497089261001883

========== Train epoch 12 ==========
========== Evaluate Train set ==========
Train loss:  0.3526085527446955
Train binary acc:  0.8459780709334255
Train AUC:  0.9380628894636802
Train AUPRC:  0.7883529116488425
========== Evaluate Valid set ==========
Valid loss:  0.7263982131174116
Valid binary acc:  0.796688132474701
Valid precision:  0.3734796796202907
Valid recall:  0.6232673267326733
Valid f1:  0.4670747542199963
Valid AUC:  0.8104108162859882
Valid AUPRC:  0.453559677418745
Valid mcc:  0.36864710109901316

========== Train epoch 13 ==========
========== Evaluate Train set ==========
Train loss:  0.340473878489279
Train binary acc:  0.8735910286690861
Train AUC:  0.9531535912103083
Train AUPRC:  0.8292099356428206
========== Evaluate Valid set ==========
Valid loss:  0.7588752641370802
Valid binary acc:  0.8109121788974595
Valid precision:  0.3931847968545216
Valid recall:  0.594059405940594
Valid f1:  0.47318611987381703
Valid AUC:  0.8034406574172405
Valid AUPRC:  0.4606947282761833
Valid mcc:  0.3752322372504284

========== Train epoch 14 ==========
========== Evaluate Train set ==========
Train loss:  0.3108074065131038
Train binary acc:  0.8805422739405112
Train AUC:  0.9565406596210281
Train AUPRC:  0.8434891201200612
========== Evaluate Valid set ==========
Valid loss:  0.7257507269581159
Valid binary acc:  0.8144504989031208
Valid precision:  0.4016339869281046
Valid recall:  0.6084158415841584
Valid f1:  0.48385826771653545
Valid AUC:  0.8188759747909395
Valid AUPRC:  0.4608110784806998
Valid mcc:  0.38855024372907276

========== Train epoch 15 ==========
========== Evaluate Train set ==========
Train loss:  0.31230148384278056
Train binary acc:  0.8142366111719185
Train AUC:  0.9604723062882154
Train AUPRC:  0.8513100163842935
========== Evaluate Valid set ==========
Valid loss:  0.8479865748773922
Valid binary acc:  0.7584035100134456
Valid precision:  0.3305785123966942
Valid recall:  0.6732673267326733
Valid f1:  0.44343006194978807
Valid AUC:  0.8036440769417541
Valid AUPRC:  0.44736161036803
Valid mcc:  0.34353713083109416

========== Train epoch 16 ==========
========== Evaluate Train set ==========
Train loss:  0.23695917192884763
Train binary acc:  0.927127138660061
Train AUC:  0.9791128335722838
Train AUPRC:  0.9157430984471371
========== Evaluate Valid set ==========
Valid loss:  1.0495867288925431
Valid binary acc:  0.8373080461396929
Valid precision:  0.4389496717724289
Valid recall:  0.49653465346534653
Valid f1:  0.4659698025551684
Valid AUC:  0.8020097513838578
Valid AUPRC:  0.43604124206919753
Valid mcc:  0.37141413127257866

========== Train epoch 17 ==========
========== Evaluate Train set ==========
Train loss:  0.17765952944395014
Train binary acc:  0.9535111469554698
Train AUC:  0.9839882792226203
Train AUPRC:  0.9355148925148665
========== Evaluate Valid set ==========
Valid loss:  1.3668550609639196
Valid binary acc:  0.8576180029721888
Valid precision:  0.5024154589371981
Valid recall:  0.41188118811881186
Valid f1:  0.45266594124047876
Valid AUC:  0.8150199761120526
Valid AUPRC:  0.4570442334883176
Valid mcc:  0.3741765147224683

========== Train epoch 18 ==========
========== Evaluate Train set ==========
Train loss:  0.1598352492286749
Train binary acc:  0.9284905044453405
Train AUC:  0.9878404804623356
Train AUPRC:  0.9472723616760036
========== Evaluate Valid set ==========
Valid loss:  1.0804875619483716
Valid binary acc:  0.8259146557214635
Valid precision:  0.41459627329192544
Valid recall:  0.5287128712871287
Valid f1:  0.46475195822454307
Valid AUC:  0.7940465504316098
Valid AUPRC:  0.44038986625005055
Valid mcc:  0.36643918441634404

========== Train epoch 19 ==========
========== Evaluate Train set ==========
Train loss:  0.14340351927087647
Train binary acc:  0.9495938706146667
Train AUC:  0.9909385017786335
Train AUPRC:  0.9569168024594366
========== Evaluate Valid set ==========
Valid loss:  1.2563307998758373
Valid binary acc:  0.8419786285471658
Valid precision:  0.4506258692628651
Valid recall:  0.48118811881188117
Valid f1:  0.46540579363179313
Valid AUC:  0.79539999640291
Valid AUPRC:  0.43864707238190914
Valid mcc:  0.3730858119223262

========== Train epoch 20 ==========
========== Evaluate Train set ==========
Train loss:  0.13743562212698296
Train binary acc:  0.9358449987518482
Train AUC:  0.9912738204796201
Train AUPRC:  0.9606800398697132
========== Evaluate Valid set ==========
Valid loss:  1.3232609011007077
Valid binary acc:  0.8292406765267851
Valid precision:  0.42392566782810687
Valid recall:  0.5420792079207921
Valid f1:  0.4757766673908321
Valid AUC:  0.800747356752024
Valid AUPRC:  0.44580888010591807
Valid mcc:  0.3796536943958197

========== Train epoch 21 ==========
========== Evaluate Train set ==========
Train loss:  0.11154706441871597
Train binary acc:  0.9400119054477024
Train AUC:  0.9939089567354462
Train AUPRC:  0.9712570311863462
========== Evaluate Valid set ==========
Valid loss:  1.2938265680815235
Valid binary acc:  0.8249239261198783
Valid precision:  0.40905448717948717
Valid recall:  0.5054455445544555
Valid f1:  0.45217006200177146
Valid AUC:  0.7851428535224094
Valid AUPRC:  0.42583124703292213
Valid mcc:  0.3521288099598797

========== Train epoch 22 ==========
========== Evaluate Train set ==========
Train loss:  0.07686509472523115
Train binary acc:  0.959771108166753
Train AUC:  0.996730505271215
Train AUPRC:  0.9834449483552506
========== Evaluate Valid set ==========
Valid loss:  1.6521522545001723
Valid binary acc:  0.8426155261481848
Valid precision:  0.45417789757412397
Valid recall:  0.5004950495049505
Valid f1:  0.47621290626471974
Valid AUC:  0.7939097383852829
Valid AUPRC:  0.44364436473826646
Valid mcc:  0.38449103730009665

========== Train epoch 23 ==========
========== Evaluate Train set ==========
Train loss:  0.06832605206444126
Train binary acc:  0.9627474700923633
Train AUC:  0.9965860572907943
Train AUPRC:  0.9830916593416017
========== Evaluate Valid set ==========
Valid loss:  1.8893928884556799
Valid binary acc:  0.848913735758262
Valid precision:  0.4677871148459384
Valid recall:  0.41336633663366334
Valid f1:  0.43889618922470436
Valid AUC:  0.7809544510309342
Valid AUPRC:  0.4294841150858017
Valid mcc:  0.3528834823183702

========== Train epoch 24 ==========
========== Evaluate Train set ==========
Train loss:  0.06162699857701022
Train binary acc:  0.9803368089559691
Train AUC:  0.9983243682542144
Train AUPRC:  0.9914140544550538
========== Evaluate Valid set ==========
Valid loss:  2.2179290132992193
Valid binary acc:  0.8567688061708301
Valid precision:  0.49878934624697335
Valid recall:  0.4079207920792079
Valid f1:  0.44880174291938996
Valid AUC:  0.7906182784490983
Valid AUPRC:  0.44166910366278367
Valid mcc:  0.3698951107410984

========== Train epoch 25 ==========
========== Evaluate Train set ==========
Train loss:  0.06216572428843053
Train binary acc:  0.9735775870345834
Train AUC:  0.998556278611579
Train AUPRC:  0.9923926657626966
========== Evaluate Valid set ==========
Valid loss:  1.8602290498939427
Valid binary acc:  0.8529474205647158
Valid precision:  0.4836527621195039
Valid recall:  0.42475247524752474
Valid f1:  0.45229309435951504
Valid AUC:  0.7820992453468781
Valid AUPRC:  0.43536680581060355
Valid mcc:  0.36881241714724433

========== Train epoch 26 ==========
========== Evaluate Train set ==========
Train loss:  0.04025001111080525
Train binary acc:  0.9832939685465752
Train AUC:  0.9984391940528683
Train AUPRC:  0.9922452696906214
========== Evaluate Valid set ==========
Valid loss:  2.9059337255629627
Valid binary acc:  0.8609440237775104
Valid precision:  0.5197984161267099
Valid recall:  0.3574257425742574
Valid f1:  0.42358462892343796
Valid AUC:  0.779564094011581
Valid AUPRC:  0.4151146822236801
Valid mcc:  0.3554744439058016

========== Train epoch 27 ==========
========== Evaluate Train set ==========
Train loss:  0.03940364745275089
Train binary acc:  0.9722142212493039
Train AUC:  0.9989821854067416
Train AUPRC:  0.994590055715459
========== Evaluate Valid set ==========
Valid loss:  2.366807253297531
Valid binary acc:  0.8431816573490907
Valid precision:  0.45504587155963305
Valid recall:  0.4910891089108911
Valid f1:  0.4723809523809524
Valid AUC:  0.7858572233245124
Valid AUPRC:  0.43969905111711055
Valid mcc:  0.3808236942349315

========== Train epoch 28 ==========
========== Evaluate Train set ==========
Train loss:  0.025553170774747242
Train binary acc:  0.9902452138180002
Train AUC:  0.9994982832269458
Train AUPRC:  0.9973164178120764
========== Evaluate Valid set ==========
Valid loss:  2.852223818952387
Valid binary acc:  0.8610147901776236
Valid precision:  0.518111254851229
Valid recall:  0.39653465346534655
Valid f1:  0.44924284913067863
Valid AUC:  0.7886973710995078
Valid AUPRC:  0.44060964534995317
Valid mcc:  0.3756691144254989

========== Train epoch 29 ==========
========== Evaluate Train set ==========
Train loss:  0.017506762034527862
Train binary acc:  0.9871344355473626
Train AUC:  0.9995369830411305
Train AUPRC:  0.9974793272331246
========== Evaluate Valid set ==========
Valid loss:  3.3108724093798436
Valid binary acc:  0.8653315405845304
Valid precision:  0.5405968077723803
Valid recall:  0.38564356435643565
Valid f1:  0.4501589136087836
Valid AUC:  0.7851420155639541
Valid AUPRC:  0.4389371182682816
Valid mcc:  0.38283173675209387

========== Train epoch 30 ==========
========== Evaluate Train set ==========
Train loss:  0.019139338201870693
Train binary acc:  0.9911669258981892
Train AUC:  0.9997309368867378
Train AUPRC:  0.9985373304921206
========== Evaluate Valid set ==========
Valid loss:  3.5116528191349725
Valid binary acc:  0.8675252989880404
Valid precision:  0.5541727672035139
Valid recall:  0.37475247524752475
Valid f1:  0.44713526284701716
Valid AUC:  0.7850080852771927
Valid AUPRC:  0.4405628910070432
Valid mcc:  0.38432733788880763

========== Train epoch 31 ==========
========== Evaluate Train set ==========
Train loss:  0.01458586479487426
Train binary acc:  0.9945849415288899
Train AUC:  0.9998076399266957
Train AUPRC:  0.9989669315718132
========== Evaluate Valid set ==========
Valid loss:  4.413214020656817
Valid binary acc:  0.8658976717854363
Valid precision:  0.5509372453137734
Valid recall:  0.3346534653465347
Valid f1:  0.416384354789036
Valid AUC:  0.7748589777233854
Valid AUPRC:  0.4201380093814448
Valid mcc:  0.35943129898052867

========== Train epoch 32 ==========
========== Evaluate Train set ==========
Train loss:  0.013558344855388102
Train binary acc:  0.9914357585882443
Train AUC:  0.9996472981893791
Train AUPRC:  0.9980176194262433
========== Evaluate Valid set ==========
Valid loss:  3.8202883104483285
Valid binary acc:  0.8605901917769443
Valid precision:  0.5151331719128329
Valid recall:  0.4212871287128713
Valid f1:  0.46350762527233114
Valid AUC:  0.7896042874042173
Valid AUPRC:  0.4314448189199224
Valid mcc:  0.38688443322114946

========== Train epoch 33 ==========
========== Evaluate Train set ==========
Train loss:  0.013196601307798672
Train binary acc:  0.9948153695489371
Train AUC:  0.9998515318663395
Train AUPRC:  0.9992152670860711
========== Evaluate Valid set ==========
Valid loss:  4.3417349981539175
Valid binary acc:  0.8646238765833982
Valid precision:  0.5416342412451361
Valid recall:  0.3445544554455445
Valid f1:  0.4211800302571861
Valid AUC:  0.776565163328322
Valid AUPRC:  0.41686276356928925
Valid mcc:  0.36025160406096035

========== Train epoch 34 ==========
========== Evaluate Train set ==========
Train loss:  0.010564264691973314
Train binary acc:  0.9965435796992914
Train AUC:  0.9999454132986273
Train AUPRC:  0.9997057688912387
========== Evaluate Valid set ==========
Valid loss:  3.9739061562400875
Valid binary acc:  0.8668884013870214
Valid precision:  0.551140544518028
Valid recall:  0.3707920792079208
Valid f1:  0.44332642793725957
Valid AUC:  0.7879456814891298
Valid AUPRC:  0.43624054394348094
Valid mcc:  0.3804104291496589

========== Train epoch 35 ==========
========== Evaluate Train set ==========
Train loss:  0.005674802873068282
Train binary acc:  0.9956986769591182
Train AUC:  0.9999659509782679
Train AUPRC:  0.9998170662761824
========== Evaluate Valid set ==========
Valid loss:  4.15698212927038
Valid binary acc:  0.8629254829806807
Valid precision:  0.5291228070175439
Valid recall:  0.37326732673267327
Valid f1:  0.4377358490566038
Valid AUC:  0.7779283786689297
Valid AUPRC:  0.4222796623519336
Valid mcc:  0.3694826163570338

========== Train epoch 36 ==========
========== Evaluate Train set ==========
Train loss:  0.008953717748844067
Train binary acc:  0.9973884824394647
Train AUC:  0.9999692786649209
Train AUPRC:  0.9998365841182991
========== Evaluate Valid set ==========
Valid loss:  4.512965714389628
Valid binary acc:  0.8632085485811337
Valid precision:  0.5314079422382672
Valid recall:  0.36435643564356435
Valid f1:  0.43230543318649045
Valid AUC:  0.7755200656305413
Valid AUPRC:  0.42354958878716076
Valid mcc:  0.36584004107032564

========== Train epoch 37 ==========
========== Evaluate Train set ==========
Train loss:  0.0035985515614350913
Train binary acc:  0.9976189104595119
Train AUC:  0.9999638735785076
Train AUPRC:  0.9997997581434218
========== Evaluate Valid set ==========
Valid loss:  5.831643708276026
Valid binary acc:  0.8631377821810204
Valid precision:  0.5357142857142857
Valid recall:  0.3193069306930693
Valid f1:  0.40012406947890816
Valid AUC:  0.7698659511727739
Valid AUPRC:  0.4068706205594623
Valid mcc:  0.34245667730160645

========== Train epoch 38 ==========
========== Evaluate Train set ==========
Train loss:  0.006098815713910708
Train binary acc:  0.9979645524895827
Train AUC:  0.9999450038640186
Train AUPRC:  0.9997105871502688
========== Evaluate Valid set ==========
Valid loss:  6.354363578738588
Valid binary acc:  0.8665345693864553
Valid precision:  0.5636882129277566
Valid recall:  0.29356435643564355
Valid f1:  0.3860677083333333
Valid AUC:  0.775449963252456
Valid AUPRC:  0.42052040890663633
Valid mcc:  0.3409115377513886

========== Train epoch 39 ==========
========== Evaluate Train set ==========
Train loss:  0.005393050436934416
Train binary acc:  0.9985406225397008
Train AUC:  0.999975895567861
Train AUPRC:  0.9998723326159105
========== Evaluate Valid set ==========
Valid loss:  6.225594407681263
Valid binary acc:  0.8682329629891727
Valid precision:  0.579
Valid recall:  0.2866336633663366
Valid f1:  0.3834437086092715
Valid AUC:  0.7755171021189312
Valid AUPRC:  0.42801746649889894
Valid mcc:  0.3437925521564225

========== Train epoch 40 ==========
========== Evaluate Train set ==========
Train loss:  0.0031083166890124984
Train binary acc:  0.9985598248747047
Train AUC:  0.9999891211300913
Train AUPRC:  0.9999410474494359
========== Evaluate Valid set ==========
Valid loss:  5.363011404420391
Valid binary acc:  0.8671007005873611
Valid precision:  0.5526706231454006
Valid recall:  0.3688118811881188
Valid f1:  0.44239904988123513
Valid AUC:  0.7819868975998419
Valid AUPRC:  0.4284942569256003
Valid mcc:  0.3801242443693382

========== Train epoch 41 ==========
========== Evaluate Train set ==========
Train loss:  0.0017453998098423476
Train binary acc:  0.998809455229756
Train AUC:  0.9999945344601546
Train AUPRC:  0.9999709712068204
========== Evaluate Valid set ==========
Valid loss:  5.78906828977845
Valid binary acc:  0.8675960653881537
Valid precision:  0.5593625498007968
Valid recall:  0.3475247524752475
Valid f1:  0.42870229007633587
Valid AUC:  0.7764836156640187
Valid AUPRC:  0.421337821192459
Valid mcc:  0.37141920015274443

========== Train epoch 42 ==========
========== Evaluate Train set ==========
Train loss:  0.0012301239376041671
Train binary acc:  0.9990014785797953
Train AUC:  0.9999958287131798
Train AUPRC:  0.999977939174624
========== Evaluate Valid set ==========
Valid loss:  6.224354271635865
Valid binary acc:  0.8651192413841908
Valid precision:  0.5420974889217134
Valid recall:  0.36336633663366336
Valid f1:  0.4350918790752816
Valid AUC:  0.7780780462242409
Valid AUPRC:  0.4144330491022568
Valid mcc:  0.3712252705126412

========== Train epoch 43 ==========
========== Evaluate Train set ==========
Train loss:  0.0016892289734913375
Train binary acc:  0.9991935019298347
Train AUC:  0.9999887446700819
Train AUPRC:  0.9999377222539557
========== Evaluate Valid set ==========
Valid loss:  6.682223006631389
Valid binary acc:  0.8646238765833982
Valid precision:  0.5429029671210907
Valid recall:  0.33514851485148517
Valid f1:  0.41444750535659625
Valid AUC:  0.7816748296083015
Valid AUPRC:  0.4197358054881316
Valid mcc:  0.35548889114009763

========== Train epoch 44 ==========
========== Evaluate Train set ==========
Train loss:  0.0034169087405720028
Train binary acc:  0.9987326458897402
Train AUC:  0.9999902106658122
Train AUPRC:  0.9999448517198827
========== Evaluate Valid set ==========
Valid loss:  6.129595652674183
Valid binary acc:  0.8642700445828321
Valid precision:  0.5371720116618076
Valid recall:  0.36485148514851484
Valid f1:  0.4345518867924528
Valid AUC:  0.7732810610761347
Valid AUPRC:  0.4096187603488511
Valid mcc:  0.3693336502755503

========== Train epoch 45 ==========
========== Evaluate Train set ==========
Train loss:  0.001909211946129273
Train binary acc:  0.9991742995948307
Train AUC:  0.9999944437800062
Train AUPRC:  0.9999706987092384
========== Evaluate Valid set ==========
Valid loss:  6.987649514819637
Valid binary acc:  0.8669591677871347
Valid precision:  0.5557324840764332
Valid recall:  0.3455445544554455
Valid f1:  0.4261294261294261
Valid AUC:  0.7818200621152034
Valid AUPRC:  0.42267982926944403
Valid mcc:  0.3683423376767608

========== Train epoch 46 ==========
========== Evaluate Train set ==========
Train loss:  0.001932348055591683
Train binary acc:  0.9992127042648387
Train AUC:  0.9999995026331261
Train AUPRC:  0.9999973756744154
========== Evaluate Valid set ==========
Valid loss:  6.552032439094601
Valid binary acc:  0.8658976717854363
Valid precision:  0.5478194338179035
Valid recall:  0.35445544554455444
Valid f1:  0.43041779380823564
Valid AUC:  0.7757530385191107
Valid AUPRC:  0.4182486833740195
Valid mcc:  0.3692752891412936

========== Train epoch 47 ==========
========== Evaluate Train set ==========
Train loss:  0.000697312311268959
Train binary acc:  0.9997311673099449
Train AUC:  0.9999993102812966
Train AUPRC:  0.9999963549127819
========== Evaluate Valid set ==========
Valid loss:  7.595353257475478
Valid binary acc:  0.8665345693864553
Valid precision:  0.5645472061657033
Valid recall:  0.2900990099009901
Valid f1:  0.3832570307390451
Valid AUC:  0.7729819099076121
Valid AUPRC:  0.41528753260087337
Valid mcc:  0.339145418673981

========== Train epoch 48 ==========
========== Evaluate Train set ==========
Train loss:  0.000506229173298385
Train binary acc:  0.9997503696449488
Train AUC:  0.9999998021524037
Train AUPRC:  0.9999989564366805
========== Evaluate Valid set ==========
Valid loss:  7.410432484113809
Valid binary acc:  0.866746868586795
Valid precision:  0.5579036348267118
Valid recall:  0.32673267326732675
Valid f1:  0.41211364345925694
Valid AUC:  0.7757473976280462
Valid AUPRC:  0.41610250153205586
Valid mcc:  0.3583436960041355

========== Train epoch 49 ==========
========== Evaluate Train set ==========
Train loss:  0.0003381405040836526
Train binary acc:  0.999711964974941
Train AUC:  0.9999996400272902
Train AUPRC:  0.9999981002563896
========== Evaluate Valid set ==========
Valid loss:  7.702819657145125
Valid binary acc:  0.8679498973887199
Valid precision:  0.5634266886326195
Valid recall:  0.33861386138613864
Valid f1:  0.4230055658627087
Valid AUC:  0.7764310490994604
Valid AUPRC:  0.41863443514454834
Valid mcc:  0.368281225657043

========== Train epoch 50 ==========
========== Evaluate Train set ==========
Train loss:  0.0003974475849829123
Train binary acc:  0.9998463813199685
Train AUC:  0.9999993982135615
Train AUPRC:  0.9999968417253259
========== Evaluate Valid set ==========
Valid loss:  7.944118215279146
Valid binary acc:  0.8671714669874744
Valid precision:  0.5612682090831191
Valid recall:  0.32425742574257427
Valid f1:  0.41104486978349547
Valid AUC:  0.7754729355769364
Valid AUPRC:  0.41779061336347506
Valid mcc:  0.35857651269498275


Best epoch: 5 8 10 14 9
Average AUC of 5 fold: 0.7984
Average AUPR of 5 fold: 0.4657


Training a full model using all training data...

Full model neg/pos weight: 5.4056

========== Train epoch 1 ==========
========== Evaluate Train set ==========
Train loss:  1.0541237897412505
Train binary acc:  0.7807213629772837
Train AUC:  0.8134600419532019
Train AUPRC:  0.45184087889081853

========== Train epoch 2 ==========
========== Evaluate Train set ==========
Train loss:  0.5959815147394192
Train binary acc:  0.6883307153214113
Train AUC:  0.832769676276868
Train AUPRC:  0.5103282712490073

========== Train epoch 3 ==========
========== Evaluate Train set ==========
Train loss:  0.5707981776513026
Train binary acc:  0.6374607298211696
Train AUC:  0.8581202471111545
Train AUPRC:  0.5643492628999618

========== Train epoch 4 ==========
========== Evaluate Train set ==========
Train loss:  0.5541551612362177
Train binary acc:  0.5044254470758821
Train AUC:  0.8619347540065039
Train AUPRC:  0.574171552174217

========== Train epoch 5 ==========
========== Evaluate Train set ==========
Train loss:  0.5368162331556132
Train binary acc:  0.7255769695505075
Train AUC:  0.8595690361208747
Train AUPRC:  0.5773021495837343

========== Train epoch 6 ==========
========== Evaluate Train set ==========
Train loss:  0.5424985403786162
Train binary acc:  0.7312258337361044
Train AUC:  0.8688039499187551
Train AUPRC:  0.5929477391615506

========== Train epoch 7 ==========
========== Evaluate Train set ==========
Train loss:  0.49739493599194967
Train binary acc:  0.5371405268245529
Train AUC:  0.8735184478221338
Train AUPRC:  0.6186561312152874

========== Train epoch 8 ==========
========== Evaluate Train set ==========
Train loss:  0.49627730406508475
Train binary acc:  0.7245347994200096
Train AUC:  0.8894372106943249
Train AUPRC:  0.6323048169407935

========== Train epoch 9 ==========
========== Evaluate Train set ==========
Train loss:  0.4757933377059634
Train binary acc:  0.7118626147897535
Train AUC:  0.8950761475214578
Train AUPRC:  0.6555306171301676

========== Train epoch 10 ==========
========== Evaluate Train set ==========
Train loss:  0.468416197058148
Train binary acc:  0.7546217979700338
Train AUC:  0.8922456612252707
Train AUPRC:  0.6636898440056691

========== Train epoch 11 ==========
========== Evaluate Train set ==========
Train loss:  0.4590422385511641
Train binary acc:  0.7542593040115998
Train AUC:  0.9053502696011937
Train AUPRC:  0.6865671039081126

========== Train epoch 12 ==========
========== Evaluate Train set ==========
Train loss:  0.4354666007716142
Train binary acc:  0.7150495408409859
Train AUC:  0.9124840981620086
Train AUPRC:  0.7129611622636389

========== Train epoch 13 ==========
========== Evaluate Train set ==========
Train loss:  0.4013678890368539
Train binary acc:  0.8034225471242146
Train AUC:  0.9293149110630247
Train AUPRC:  0.7554263491759008

========== Train epoch 14 ==========
========== Evaluate Train set ==========
Train loss:  0.38820333245717836
Train binary acc:  0.7306971967133881
Train AUC:  0.9287427534705046
Train AUPRC:  0.7473675452132443

========== Train epoch 15 ==========
========== Evaluate Train set ==========
Train loss:  0.3703988708644927
Train binary acc:  0.7522806911551474
Train AUC:  0.9291542182039154
Train AUPRC:  0.7456844855460645

========== Train epoch 16 ==========
========== Evaluate Train set ==========
Train loss:  0.3451543293647959
Train binary acc:  0.697876389560174
Train AUC:  0.9473866186760583
Train AUPRC:  0.809734656100364

========== Train epoch 17 ==========
========== Evaluate Train set ==========
Train loss:  0.3194559738597649
Train binary acc:  0.8965985983566941
Train AUC:  0.9558671380379279
Train AUPRC:  0.8231678766287311

========== Train epoch 18 ==========
========== Evaluate Train set ==========
Train loss:  0.30042034636312975
Train binary acc:  0.8688376027066216
Train AUC:  0.9580579473075235
Train AUPRC:  0.8449804463336515

========== Train epoch 19 ==========
========== Evaluate Train set ==========
Train loss:  0.27738559977737015
Train binary acc:  0.8851800386660222
Train AUC:  0.9683012110041329
Train AUPRC:  0.8691913736013681

========== Train epoch 20 ==========
========== Evaluate Train set ==========
Train loss:  0.24285509723899495
Train binary acc:  0.8435536491058483
Train AUC:  0.973118653013888
Train AUPRC:  0.887928067091287

========== Train epoch 21 ==========
========== Evaluate Train set ==========
Train loss:  0.23285205276755472
Train binary acc:  0.8269091348477525
Train AUC:  0.9655655137370047
Train AUPRC:  0.7771646610575867

========== Train epoch 22 ==========
========== Evaluate Train set ==========
Train loss:  0.2250102240547627
Train binary acc:  0.8793046157564041
Train AUC:  0.9828489321304182
Train AUPRC:  0.9247933610762193

========== Train epoch 23 ==========
========== Evaluate Train set ==========
Train loss:  0.5334957151779693
Train binary acc:  0.8728552440792653
Train AUC:  0.9778143368361429
Train AUPRC:  0.9032429248886726

========== Train epoch 24 ==========
========== Evaluate Train set ==========
Train loss:  0.18903437519618896
Train binary acc:  0.9163545190913485
Train AUC:  0.9856904731062087
Train AUPRC:  0.9335068624722774

========== Train epoch 25 ==========
========== Evaluate Train set ==========
Train loss:  0.1838463544559771
Train binary acc:  0.9006917593040116
Train AUC:  0.9863459459954796
Train AUPRC:  0.9380951748430211

========== Train epoch 26 ==========
========== Evaluate Train set ==========
Train loss:  0.15571240501054479
Train binary acc:  0.9564554132431126
Train AUC:  0.9878865698858558
Train AUPRC:  0.9369568268881969

========== Train epoch 27 ==========
========== Evaluate Train set ==========
Train loss:  0.15100605181393265
Train binary acc:  0.9422728371193814
Train AUC:  0.9905665617150899
Train AUPRC:  0.9533136764141674

========== Train epoch 28 ==========
========== Evaluate Train set ==========
Train loss:  0.13568154924693288
Train binary acc:  0.9468644272595457
Train AUC:  0.9931881822732145
Train AUPRC:  0.9652403435393857

========== Train epoch 29 ==========
========== Evaluate Train set ==========
Train loss:  0.11562118015900703
Train binary acc:  0.9591137022716288
Train AUC:  0.9927171150849222
Train AUPRC:  0.9632777240065877

========== Train epoch 30 ==========
========== Evaluate Train set ==========
Train loss:  0.11860521718178957
Train binary acc:  0.95479398260029
Train AUC:  0.9948704537699393
Train AUPRC:  0.9718775299431284

========== Train epoch 31 ==========
========== Evaluate Train set ==========
Train loss:  0.1071251553418412
Train binary acc:  0.9746556307394877
Train AUC:  0.9953571713646007
Train AUPRC:  0.9767580554434261

========== Train epoch 32 ==========
========== Evaluate Train set ==========
Train loss:  0.100023871187252
Train binary acc:  0.9275163122281296
Train AUC:  0.992468176999107
Train AUPRC:  0.9638511957711566

========== Train epoch 33 ==========
========== Evaluate Train set ==========
Train loss:  0.09779256943587672
Train binary acc:  0.9594157805703238
Train AUC:  0.9960748882992505
Train AUPRC:  0.9789973789916492

========== Train epoch 34 ==========
========== Evaluate Train set ==========
Train loss:  0.07986297956605319
Train binary acc:  0.9654573465442242
Train AUC:  0.9952232926836972
Train AUPRC:  0.9752761167970796

========== Train epoch 35 ==========
========== Evaluate Train set ==========
Train loss:  0.08535824469591032
Train binary acc:  0.9534648380860319
Train AUC:  0.9972262745657698
Train AUPRC:  0.984903150935465

========== Train epoch 36 ==========
========== Evaluate Train set ==========
Train loss:  0.07485156968447221
Train binary acc:  0.9198284195263412
Train AUC:  0.9967159480266038
Train AUPRC:  0.9831955069207784

========== Train epoch 37 ==========
========== Evaluate Train set ==========
Train loss:  0.08490300728918082
Train binary acc:  0.9772081923634606
Train AUC:  0.9974181045992675
Train AUPRC:  0.9866780751132602

========== Train epoch 38 ==========
========== Evaluate Train set ==========
Train loss:  0.07774466790049396
Train binary acc:  0.9720728612856452
Train AUC:  0.9972031219038586
Train AUPRC:  0.9856269254498711

========== Train epoch 39 ==========
========== Evaluate Train set ==========
Train loss:  0.07931953978663092
Train binary acc:  0.9657141130981151
Train AUC:  0.9960291258391583
Train AUPRC:  0.9776287726246742

========== Train epoch 40 ==========
========== Evaluate Train set ==========
Train loss:  0.06944741212474585
Train binary acc:  0.9809992750120832
Train AUC:  0.9973901614030323
Train AUPRC:  0.9862201898296337

========== Train epoch 41 ==========
========== Evaluate Train set ==========
Train loss:  0.08162974054280829
Train binary acc:  0.9668469067182214
Train AUC:  0.9977045574260405
Train AUPRC:  0.9855655927732964

========== Train epoch 42 ==========
========== Evaluate Train set ==========
Train loss:  0.05666569379771121
Train binary acc:  0.9720728612856452
Train AUC:  0.9980605859888946
Train AUPRC:  0.9894230996046768

========== Train epoch 43 ==========
========== Evaluate Train set ==========
Train loss:  8.746922363933757
Train binary acc:  0.9774045432576124
Train AUC:  0.9978148522709693
Train AUPRC:  0.9891887885601074

========== Train epoch 44 ==========
========== Evaluate Train set ==========
Train loss:  0.04872531897104229
Train binary acc:  0.9866632431126148
Train AUC:  0.9982590490033167
Train AUPRC:  0.9921905005844647

========== Train epoch 45 ==========
========== Evaluate Train set ==========
Train loss:  0.1353890460221529
Train binary acc:  0.9587361043982601
Train AUC:  0.9988275978940364
Train AUPRC:  0.9935949325314218

========== Train epoch 46 ==========
========== Evaluate Train set ==========
Train loss:  4.757346124530759
Train binary acc:  0.9512596665055583
Train AUC:  0.9960866667971617
Train AUPRC:  0.9774878351630473

========== Train epoch 47 ==========
========== Evaluate Train set ==========
Train loss:  0.06168892525579854
Train binary acc:  0.9742478250362494
Train AUC:  0.9989855123644513
Train AUPRC:  0.9943531072234626

========== Train epoch 48 ==========
========== Evaluate Train set ==========
Train loss:  0.04615026771664043
Train binary acc:  0.9813466650555824
Train AUC:  0.9988140011922432
Train AUPRC:  0.993534746269138

========== Train epoch 49 ==========
========== Evaluate Train set ==========
Train loss:  0.054359432496758946
Train binary acc:  0.9869049057515709
Train AUC:  0.9987116449717887
Train AUPRC:  0.9928787408612648

========== Train epoch 50 ==========
========== Evaluate Train set ==========
Train loss:  0.04281468553138787
Train binary acc:  0.9865575157080715
Train AUC:  0.998708173068185
Train AUPRC:  0.9932031525814708
[?2004h(venv) ]0;cse-sdpl@cse-sdpl-HP-Z4-G5-Workstation-Desktop-PC: ~/PRANAV/GTE-PPIS[01;32mcse-sdpl@cse-sdpl-HP-Z4-G5-Workstation-Desktop-PC[00m:[01;34m~/PRANAV/GTE-PPIS[00m$ source venv/bin/activate && python train.py     --fusion_mode gated     --d_proj 128     --focal_gamma 2.0[C[C[C[C[C[C[C[C[C[C[C[C[C[C[C[C[C[C[C[C[C[C[C[C[C[C[C[C[C[C[C[C[C[C[C[C[C[C[C[C[C[C[C[C[C[C[C[C[C[C[C[C[C[C[C[C[C[C[C[C[C[C[C[C[C[C[C[C[C[C[C[C[C[C[C[Cclear[Ksource venv/bin/activate && python train.py     --fusion_mode gated     --d_proj 128     --focal_gamma 2.0[C[C[C[C[C[C[C[C[C[C[C[C[C[C[C[C[C[C[C[C[C[C[C[C[C[C[C[C[C[C[C[C[C[C[C[C[C[C[C[C[C[C[C[C[C[C[C[C[C[C[C[C[C[C[C[C[C[C[C[C[C[C[C[C[C[C[C[C[C[C[C[C[C[C[C[Cclear[K[1Pexit[2Plsclear[2Psls dir56[3Pcd ..ls dir56mv ~/dir98/* ~/dir56[2Pdir56~dir56ls[Ktouch file.txt file1.txt file2.txt[1Pmv file1.txt /home/cse-sdpl/dir56[18Ptouch file1.txtmv file1.txt /home/cse-sdpl/dir56touch file.txt file1.txt file2.txtls[Kmv ~/dir98/* ~dir56[1Pdir56~/dir56[12Pls dir56[3Pcd ..ls dir56[5Pclsear[3Plsexitclearsource venv/bin/activate && python train.py     --fusion_mode gated     --d_proj 128     --focal_gamma 2.0[C[C[C[C[C[C[C[C[C[C[C[C[C[C[C[C[C[C[C[C[C[C[C[C[C[C[C[C[C[C[C[C[C[C[C[C[C[C[C[C[C[C[C[C[C[C[C[C[C[C[C[C[C[C[C[C[C[C[C[C[C[C[C[C[C[C[C[C[C[C[C[C[C[C[C[C[Kexit
[?2004lexit

Script done on 2026-07-30 14:23:14+05:30 [COMMAND_EXIT_CODE="0"]
